# Federico Bustaffa, Domenico Benedetto, Nicola Annunziata 
# last_minute
# ML-CUP25
# Submission Date (07/01/2026)
0,-6.874728754473787,-1.3452886498768268,1.8611367586608707,-11.112172815461536
1,11.431470788097393,-12.036361585944631,-35.440468922527295,18.40584806894265
2,-3.9344816588943488,-0.8313213280773288,-13.683381997878609,-0.3128654829780855
3,-10.935578942692668,-13.684021836833535,-31.32642973094199,7.991619476881015
4,6.581406119550735,-15.942853502615714,-22.463613654038635,24.979883431358832
5,6.77222263367161,2.3369898631510115,-0.7487817696609795,-10.881942035526762
6,4.460606893518613,15.435912388487463,-34.70479565629718,22.15074658724095
7,3.5520251635741746,-1.1082661703118273,2.953849397834244,-12.364462450873258
8,5.5178911365117544,-3.899656492961145,18.385805152891123,-19.928003595653962
9,0.22076625061936334,-3.58786058653499,2.4416768812481693,-6.569378891728924
10,-6.791658257129962,15.530419496729676,5.774964432394622,-29.79596458366501
11,-2.9138854894040445,-14.94215850183383,21.53218116740269,-12.695172555408844
12,1.4636080411804875,-7.4255973719909525,18.417709796652613,-7.272717577873607
13,5.432832182533796,7.930360795196777,9.047659364409204,-3.2097046494252726
14,2.2871683536027474,-6.3260959921831965,-12.850532547789081,5.847070176941665
15,-13.397143775951537,5.718489416537346,18.63097680827376,-16.787618425805466
16,-19.187301875276646,0.8990551297489808,-9.486136259012694,32.70453120930343
17,4.381855705156686,6.111400346790531,6.9217114553215975,-7.197724792792453
18,19.87387584796967,12.264900559714667,-9.453940711506768,20.37613762844693
19,-8.499903804897535,6.53764984145719,13.14876099178262,-21.12418106400138
20,8.718492560958854,18.233301535374974,-12.220567471982163,35.732152353565816
21,-4.588587947308064,-1.7739808897844893,4.6483185830905445,-7.216894375879024
22,5.676486894159431,-9.93720132876046,25.782483940272893,-2.599229335659263
23,-3.8643467574950785,0.4363302675930894,-33.299861387270205,4.716332658119874
24,-15.310432932956562,-3.3938326321571917,18.850179946311812,-23.06447170091994
25,16.764932637803255,-16.283416905176246,-43.64135597034948,13.183125930038571
26,12.514703187453332,1.4195147261894945,10.117328898165644,-17.588776073846866
27,-5.828226581299723,5.8416841421154455,3.2413518423991934,-3.1950109785213017
28,-11.990783976773244,17.06136716233123,1.553214581334149,-35.81571692595001
29,-28.522452313390993,11.842146361978557,-43.923172528349255,10.059824250478997
30,-18.39068305110591,-4.171271094119125,32.00017513246091,-5.259636563039146
31,2.018003331814425,-9.102938273281604,-27.34041573852899,27.12154048006989
32,4.228262063733666,-0.37136192628502623,-7.207176049872759,10.624661465235025
33,-1.2764208206282366,2.255069259267343,-25.634889021725318,25.1044740677716
34,-0.10172361541816577,1.08625089141617,-9.38437908615854,47.70365833234218
35,20.21848109696711,2.1351581090708596,29.004845908947548,-8.724560088909561
36,1.368890407058211,-6.215830144021281,4.354220538336735,-8.842280342185868
37,6.922008488192831,-16.707682684457954,-24.248406043534118,30.748874524316218
38,24.470284392886747,-5.728820008905041,-12.19909148453312,37.627118838161934
39,14.967144167500406,17.373386592376946,-32.901935574535045,11.39409044860298
40,-19.98136996597472,10.629768672903452,-30.325800705891837,16.20318373215898
41,19.34698271649141,6.74853453667974,33.483622756896025,-4.0995100930766935
42,18.085300333621937,0.8308140284310281,17.274511645356796,-19.598666946026846
43,-19.55524420938861,9.587499145348845,-35.58449642013093,13.564689930209447
44,7.49363390380361,15.738630648583984,-20.867588986852795,19.729246666497787
45,10.909835114961886,22.613631919320277,-26.26007783457792,30.831905326732578
46,11.955504294718253,1.5912488703578667,5.526219366893452,-23.525179680102635
47,33.365559616947046,-12.332359410847747,-46.27254373617211,8.203123398537354
48,6.1970517949981465,16.03097722243836,3.516670877885917,-29.822815778375336
49,-4.8196565369571225,6.240916960047334,-22.630792851069575,14.674948985553028
50,-5.091206051340187,-10.221725795948235,-21.2472143161664,24.02130509340158
51,-29.10997805522613,-10.517343073171732,-18.871599182643987,40.449130944668376
52,-3.1592817074942006,-23.21542833701452,32.8783726974471,-8.267795827157164
53,-7.743172264636238,-2.8650595045965708,-21.935890218509982,27.797214815157485
54,0.30912150003404393,0.3126445184239179,1.1931900788720564,-13.267134311140664
55,-5.955853524611603,16.216599201088584,-17.511285696713426,30.79626178155821
56,30.654697568304968,3.449622716654278,-34.78794433615815,22.350830541398835
57,13.763674322026722,6.462814279546495,11.27533697301058,-21.121095369073124
58,8.812310025052662,-29.59037759567469,-8.298523808514048,44.23559019419195
59,-0.5532520015524017,24.904478990913958,-16.820553509082476,30.85580803542372
60,-16.895953040107386,2.815514778936251,-24.71319253294063,12.998728443942115
61,-1.0452729374738798,14.424642905739375,5.3598308251145514,-29.65083338737913
62,19.568786046697532,-7.635325308894941,7.814873537713709,-35.437385418416284
63,4.431829203365361,-0.7264658622181068,8.524866168989629,-29.839030705467643
64,-14.297296444488799,7.342425400231127,15.23043186250742,-22.09309799292459
65,-0.38047565373863956,9.666931071572721,12.616752327514305,-28.08625216446242
66,-23.07144075252583,11.606873383876453,-37.18781220047231,15.61471143163034
67,17.677595567116413,7.601868755566963,31.029242623458398,-8.690687325121909
68,-20.490212484222155,13.55800424784927,-21.507914171104115,26.243811402940633
69,0.3788714942290849,19.055262406791822,4.5964743149641905,-30.022233672826523
70,-6.690052084763615,1.1637828647329382,7.4750456582961196,-23.387960193792438
71,0.380018632756963,-2.4815219537794158,-1.352704452005928,-4.460782424127954
72,-1.6813608733285221,1.5293418238761987,-7.578549514877241,10.338631723382786
73,20.32078485378404,-13.4947530073734,1.4589538645639535,-43.839103671423175
74,19.040044983106213,5.735301186855015,-38.698965239819515,16.63079229648806
75,12.251108299542445,7.064762792184517,-7.1620019549784555,11.325321107568573
76,6.684974675774796,6.2608487966635815,22.464619770061425,-10.558273172962199
77,-5.604111614698703,-1.5672239701219017,-16.430334318451717,18.392858084218204
78,-1.4247754728421855,-6.151991916249317,-12.002084111106416,12.302929512788028
79,1.6324763189017593,13.309203243289678,14.708703267528271,-25.109108851328468
80,21.22325178411394,5.20878944305983,28.67348660076701,-10.578138772853784
81,14.497726153985232,-11.440102070894877,-28.468500021862027,23.425221547751423
82,-9.633549554766994,-1.955730999981044,25.819210305063027,-6.627904234378095
83,-11.834297283750935,-14.585060388841526,-3.3441703887200553,36.932900581755284
84,11.027436488882596,9.868367432049117,6.7196234563812105,-20.482259087063
85,5.858702451051894,6.089783917456058,11.012005571167927,-7.8686129522054635
86,-1.8766794113467617,-6.735218427034851,-12.533310626223246,9.972612535028155
87,9.102531564824691,29.8745502700773,-7.992815216223539,46.78064554630305
88,11.323779124482973,3.5352270441798894,4.665360604728219,-15.144152889489161
89,-27.83452275352702,6.434577352492599,-41.944175416833005,12.017262954668817
90,17.01514748636896,-11.095125842019936,0.8377786346925862,-36.77596134398235
91,-2.2463041855568746,-7.6523745988019884,-16.27195206289485,4.383899997028207
92,-6.778798763438707,-0.321722792027186,19.434819656118755,-6.864706882430729
93,-20.612937892926688,-4.314358205687358,-37.68272190091214,9.362114925464287
94,-14.632243418215552,20.09111087060977,18.883045105123017,-9.395415028453824
95,-8.517138601868933,8.670564746378638,-1.040280791061269,-14.574758015795856
96,-1.1948462465522278,-7.502259469353783,9.133282678211222,-5.3339124308451105
97,3.274264762023723,1.5107148829394579,6.6433963471109525,0.15381182338806676
98,3.4472699115411722,6.3550419970319085,4.48348966149147,0.7143076658255842
99,12.374257891817672,-18.38431771457836,18.710272294870823,-24.31471113326072
100,-0.822661757136053,1.0358837096915554,2.1178783829774006,-3.8416144338996214
101,4.603122782321612,9.155899249021259,-19.639923090558298,12.745691332334756
102,5.8541944133947785,4.472816928878729,-14.074592002525046,7.329792056995453
103,4.071980014919226,2.0889196849911786,3.159546269691314,-8.06044627610665
104,6.539461504344224,-19.512788825372308,24.86391659092537,-16.40672951797683
105,14.468330196900189,-3.019669653287498,-15.245318407782065,30.227914661828784
106,28.182965597697546,-6.8873162502078635,-8.162058551335157,41.568724216034454
107,5.206860555978173,9.444472425944236,-20.393757117293553,19.10394551895285
108,20.53029568822847,-7.249639651546837,-19.622250491593608,24.40130613668586
109,21.589517891062023,15.73816903965353,-28.651023315334626,21.185619087085055
110,0.14959945727085694,6.295622030866833,-16.260076784323967,12.452052368197617
111,18.38060801626977,4.299673013960121,-25.153756612173048,17.663292944757437
112,-28.94369215072208,6.531589681034578,-15.793990621495983,43.37202381571743
113,30.512890491074685,-19.11121794807994,-28.829095858442354,22.704650590240615
114,20.39161165565271,-2.9160491978517977,24.009325858233026,-17.05363661796738
115,-4.788961577085226,-13.317001385575862,15.15791006610964,-5.831029959421453
116,-5.378732191949297,-18.171425754438413,-12.724312671757708,18.80833819341587
117,-16.908873977348556,-24.229584108687046,-9.753881774211063,49.20686695054425
118,17.906560231446115,-16.79621850476917,-41.60315601864134,15.456037453571744
119,4.6262896152648825,24.56070375800165,-43.05358502479418,10.556078134594973
120,6.400993200085023,-23.546377299460612,-6.8331004290661985,44.023580851894735
121,25.479403257838456,0.47869779005842145,-16.673735943536233,30.991834422286427
122,-2.8026289463549694,4.696645753839883,3.3238365830543386,-3.8523125209255222
123,-15.152190173028401,16.058051731124714,1.6142135521934864,-36.747433706126486
124,-18.105008771650496,15.848169392044712,-30.4736119166751,23.8203975220454
125,3.741873133275219,1.4325499429367827,13.369581258379402,-23.36226613592123
126,0.8184047986961323,16.51034611282317,-23.054353268670738,8.002231619332479
127,-24.969282118276574,-4.001332655205243,-43.87847899475024,7.681396204303947
128,-2.876811099203823,-1.3530833785449632,18.6727461073252,-0.07916374001078674
129,4.375796110908196,0.7238815319176792,19.85086443458823,-22.09976545812245
130,-1.8144081400405052,0.016308920844850472,-3.95750046243434,-6.734698352518931
131,-7.295747020610526,16.384261020549083,5.736728561316843,-28.841849009215423
132,-7.5272387361100215,1.7892264250737335,13.477173598581377,-6.197316978698444
133,12.70709659381531,16.53971220393641,-10.920946942542761,19.070559582084012
134,-0.010829710263516867,0.8655975403895955,-0.015871256990813265,-5.4645829879252545
135,-10.102744578485817,6.886479547591092,-0.21261585373274405,-12.611309297510727
136,-1.0005283211992313,-8.704749373641967,8.915206919375962,-12.416977639631993
137,-19.219923604866423,5.114754180234155,-15.032051837517209,30.10205102707781
138,-15.215193791369746,-3.09518936765018,-18.27872530925007,15.031639153355714
139,10.97996095057322,5.184677898744759,-27.9943618559052,6.638554099197612
140,-4.012629158828019,-19.203288430194146,-15.46071573347529,21.631157319711175
141,7.051792275533289,-2.593532111877673,-15.852661207666806,34.39868938280154
142,1.7118379755282565,-2.701408424168145,0.2309591978251242,-13.591075368866003
143,10.544490898146059,2.803112571528557,30.164870174120512,-0.5342922946615851
144,-5.856752440574351,17.42598503329782,3.4844879478365525,-31.789014616867235
145,1.4362621662806032,0.38222477131069427,2.1100977038034263,-10.0304975057502
146,0.8348104551200006,-18.58581553491624,-39.34461461782469,2.0482991501435936
147,6.914149724689119,14.66937329758874,-22.49937299941035,17.746640764097435
148,15.982066708294239,15.271260442539468,-15.287227953778027,19.541763733330253
149,19.681170787696523,11.87208937665664,-57.414796551219084,-2.6610309355645225
150,26.179595553978473,5.418926449734838,-20.11258737237937,30.416795861621825
151,14.303534790262091,12.485882893562389,-23.41079103004979,29.520229502843293
152,-20.288462330154715,4.475671165474433,-13.779800249189055,31.9865103647932
153,-0.3958174179915299,6.879521543490129,-5.036339544030807,0.9521881474150788
154,11.681552017827933,-12.137577569830452,-17.666180925399324,33.15397819906601
155,5.701288586221792,11.306839388502278,9.218531493082743,-25.67417144096779
156,-21.012736171717357,-18.55223923319283,-38.40394594824281,15.558474795030211
157,8.97484400933852,12.732105922399754,-11.780645834529997,12.278350703674763
158,3.408613491784379,-10.272960791061138,-8.047169290835749,14.35871777080356
159,-6.652316887920117,-12.782434705005965,27.136697468798413,-12.171034842991647
160,-7.008488149709585,6.502365078014799,6.463580318540396,-23.14937662911269
161,11.390556248133107,7.214536652821752,-9.157370998209199,16.712694055228987
162,5.446988937477246,-1.0587638273276458,-0.7583626864459325,-5.045919257587498
163,-19.626149286883773,-7.155706467263161,-31.94302255104803,21.250765467492958
164,-8.826572764310193,3.5300731015873206,14.03350894567998,-6.411911498080645
165,9.420092592524076,-8.042921541262821,5.2511230751385085,-31.879529027026166
166,19.57358060638807,-0.5660493640584192,26.420003784600244,-13.838976176914498
167,7.351784783143226,-30.90356815693153,-12.584101065677286,40.27430221748128
168,20.035908075109162,-0.6810366235552927,23.67595341227277,-7.886858858977233
169,-10.352714181553957,25.019253618820624,-17.98036102640679,19.295217903348412
170,28.684106332287058,12.167822743842196,-34.19959243847095,22.60472039569695
171,-9.099231076586818,-12.8189286214205,18.02206388070211,-4.488093056176583
172,8.22296802155487,-22.458978663847116,-20.026575290271172,29.598805264658
173,16.64584047890191,-1.9712300023141363,18.545473919425906,-9.626475109801703
174,-20.367143253658192,-1.7465169942535337,-37.20894711236653,12.626912517178381
175,18.29873610663099,-3.495859312384471,21.225018558765097,-8.331788874352336
176,10.646828861434624,23.674766800728115,-11.765524752126916,29.326756044193665
177,3.443895058379891,12.655204227968762,-19.82477870205281,5.302583183054997
178,-18.869810335423857,4.67049342741882,-33.405915532932625,16.254906482342182
179,-8.56192533563455,1.9275815206159541,8.556792478610276,-13.040664010653801
180,-3.1744369737335756,-7.333803707325992,-37.082736378329955,10.334541223858382
181,5.9596161379723345,-24.963592776591337,-7.992880639202697,44.99454109936848
182,-3.4929356203632382,7.664958349169624,1.5422211056011288,-17.04510400666286
183,19.267414965769817,5.07493292595113,27.60501762720825,-4.2975741065401305
184,13.255630767737708,-6.32553672500308,-51.61932993961338,6.846620420575564
185,17.6651717390724,1.5136653700278624,29.30619832198059,-4.437273742519977
186,7.980339387803378,3.4178308921797598,12.108987858932814,-5.072670503867528
187,-1.7991148171440217,-9.794852259481184,-12.041869651718084,12.399246733432804
188,-24.618887787117238,27.12453247186156,-62.50097699304852,-1.5407703713811922
189,16.60551582990771,19.87381146129151,-22.716670335477488,32.76831788554527
190,-17.699618179873383,5.451899050705461,-26.053300603004864,13.241901505303291
191,-9.627739704166586,13.193381696697745,6.145324091285156,-26.9677435046036
192,-15.698186909881597,7.548322519810322,4.846736283230802,-35.02976959543913
193,6.823728932163039,3.7081768716187113,5.301734590200491,-15.80328201263581
194,3.7320875035971377,2.653846234081015,7.54948913879722,-15.960787684285966
195,5.336419227558599,13.472618222711892,-22.625863871210026,9.568993482458414
196,-1.7056562080887834,7.504319564474277,-0.6038628754691819,-3.1130278513651475
197,7.405083323217632,2.279732259800785,4.629996077778113,-9.846067859938843
198,-22.654334469032577,4.573711493490104,-24.898868285698086,20.39098948159234
199,0.8540626886002491,2.1708792377155817,11.758820023645251,-12.033837667097318
200,17.616411390601584,3.183276486783124,-37.5309234570879,13.053202978433967
201,-16.406718409170963,-9.383573628466289,11.80833001080183,-30.19989401149634
202,1.197317145666617,-2.7812040752695464,-18.806528401656223,4.767167839581033
203,18.445051207699592,8.65876266718913,34.367705392398484,-3.373755219599705
204,-0.3239716571391127,20.92060193376536,5.265829882959272,-28.618598355258726
205,0.647209975293787,2.4997603779912554,-2.540676472127595,-7.07237154211955
206,-6.512321322064681,1.9147161896832008,7.946006973468096,-14.427658977679753
207,-6.611931515585557,-0.46978198960503964,15.008652478028164,-5.065487493931656
208,-2.7908230466351176,19.113858111576317,11.490047874906349,-17.110590907405975
209,8.581005558050062,-0.8561640383268438,-11.130947452068337,10.513519997842558
210,27.51551917291134,-1.373145295238194,-21.23290250966311,27.74672371670724
211,-26.663474746793923,-12.8767615148438,-34.16018406501902,19.440771053034492
212,3.7479896054522763,-18.283611381139426,6.007393897126704,-30.402284649688617
213,-3.0328946900208726,1.5580390973128884,-11.129597351342277,3.2167116655372165
214,10.305439348469926,-34.87128616931851,-22.703261603638616,36.53106832032143
215,-3.2258844479811164,0.2829950713670531,-31.76505556144299,12.823721108843904
216,18.08383810661209,16.578414289042797,-25.388269409416143,19.711344259251764
217,4.887629575080162,0.993819264824995,0.7660631572626753,-4.282416750079594
218,-1.171097255113073,3.2299556596689847,0.8018233544552058,-13.078505433511706
219,21.140698361471472,-1.6874286332360953,27.048989750113577,-13.435009294087676
220,5.510423086700182,-18.939828102345984,8.247941958212456,-31.100396262247656
221,20.512249454830688,-12.77717846818256,4.282655218266816,-40.265583435071456
222,2.310889558260392,-6.1555363623667745,12.63222069453893,-30.30250714694109
223,8.105008184361512,-4.005536097067271,-0.7588697170946133,-19.349929301283645
224,9.67963368418122,0.11729704933458002,-15.414223327893849,13.716812153688885
225,-6.199700574772178,2.5427923437646394,-27.70288305900412,10.878787533983608
226,4.411402740522519,-12.810697333909287,-18.88132496533442,6.807067719716503
227,-11.767462834637085,9.89367454343145,30.82828892969209,-1.898502027638926
228,-13.608902177729185,16.506682655264086,-8.261152016003136,38.07087771581618
229,7.163186505500424,4.0024352465824835,-17.93018249368068,14.683399002220758
230,18.486000884756628,2.3997527319068457,21.363300537596174,-10.703158003150273
231,7.437351160607353,-29.866735703578854,-5.258327307427901,47.688033769482644
232,27.418332254084902,5.305585817550617,-42.624459317466986,9.007839477986453
233,-8.031272558821128,-1.0491896120541968,9.829319764199312,-18.50821356382857
234,7.147985525007776,6.95639153275496,-2.4694662262404,13.538990693869104
235,0.38110167998829614,-1.4588914423246426,17.040621513043906,-2.3183566189084446
236,9.812722977616563,2.3462944270915633,-16.491181904815537,13.611531874410813
237,-19.915045541554406,27.884203354644598,-15.23026429529778,40.86897365507252
238,3.159568990421736,-19.6237585593314,-36.39200957563327,6.079005807539001
239,1.9739071031241129,3.4538534329762185,3.199043277214583,-1.7347112291111215
240,4.8920482226529165,-1.2183665459117936,-3.199371717306775,-5.626839754501036
241,20.49954699446927,-12.464359411767497,7.97379683668423,-36.9978326711421
242,14.270851649734052,19.13530652079414,-46.244528028729256,6.639715138553967
243,11.623337156216078,10.071983497084744,0.07519995748013342,-26.52827966594645
244,-5.893265713446388,0.7358684507851294,12.50017162560794,-12.06578954743395
245,-4.76242582361594,-7.486822771282353,8.875146105455327,-29.779834833671465
246,-1.673642637291564,-3.3643521785958717,1.7437405236642731,-12.561487005828491
247,1.2624903537457874,1.131683160866349,-5.165177988903517,1.4489693914331143
248,6.324385714638025,3.517433629633394,-16.846372451625044,13.604688038451279
249,13.502374387898817,12.244557273615891,30.11568258848735,-6.678357155531501
250,-0.36121180104306927,7.048111151969936,-22.698860776235932,24.83796734052728
251,15.269412435544513,11.254471969483996,-22.81138951770982,33.96232236381856
252,-20.67264277204763,11.279908149216196,-27.663796150775358,19.505094095154785
253,-26.125464242803012,-18.984207122182028,-10.095381764819114,50.838393551498015
254,6.456082868009092,16.50085611336898,-15.764132734716915,21.206120396406
255,22.67956129991157,1.3043923484785096,-34.828918817616675,5.409344595731351
256,-5.549144256766934,14.25904429692363,4.153424562871669,-5.178653455426959
257,0.5022617779041776,22.862028677912257,-10.519356196128472,44.09663104698833
258,-2.9705438317932904,15.377177831178921,-22.024535762434997,23.548040641080917
259,-3.341477290569651,12.418219478317706,18.244617376352178,-3.1389601151923014
260,6.524120826484765,7.305204518935598,2.97450865583478,-16.85446879494741
261,2.431040151255456,-4.459131702159573,8.550863950015485,-7.961319514611155
262,-15.444327471224533,-12.95080065552484,-14.944487119033246,25.146275788340947
263,5.7472928743077025,6.2915442093721,9.567947173984942,-6.175137713545816
264,8.179807972424777,-1.7986475056154532,2.1135917990296726,-14.764537792362104
265,-1.2552593604949813,-10.310825042901516,17.30700213557343,-24.540151080235095
266,6.935677427269169,30.978349909693204,-26.5124673361238,23.0815965494043
267,4.741316811668324,19.302875490756403,-23.23502972763077,11.587359562255967
268,6.626765198565057,17.64649960801112,7.494654672359744,-25.68765987194804
269,8.457057855163859,18.41852745809224,-8.052279055788365,19.95156559133067
270,14.618764637284125,-12.968909609019416,5.252984441814636,-32.844907973652525
271,-16.817182333171992,7.652416107322044,21.54295158595406,-9.933522719193459
272,2.3211437914925908,16.472367128976234,-12.273296247617186,41.5536395816633
273,-10.877985245208597,-4.83636097644552,-15.446054830503074,17.038752027395905
274,1.3543867976013395,-3.834335435628555,1.1743737168680295,-11.897348298318338
275,-18.201667788182547,2.6714702487895265,-23.680085299360652,11.179012473050799
276,14.909252235897867,7.687356116377765,10.202452068566892,-24.88321282738556
277,-29.013088928746974,4.617061647807834,-39.317672421167224,16.894648308221775
278,5.980633284671963,11.080010393300144,-15.943719913751096,22.650749080285028
279,5.346372134014994,17.953811372158516,-18.482143967194467,20.773774965287874
280,5.199567067029422,-21.490495554663912,30.391419476186005,-12.327653165143511
281,4.993260703319849,-8.135286062888847,-40.64059607493216,2.670066876884717
282,-23.804493812583665,-5.905511216930467,-40.17809720969035,7.284563544171229
283,19.907650837408553,1.4440014531593053,31.143012687043427,-8.320527805328096
284,5.846391962392635,3.3205555444670627,-4.065152751371922,0.12946933418300555
285,16.490893846328035,19.670825817542166,-17.999689704703595,24.059602777405804
286,-0.08661129479395846,-15.490333106602543,12.22966850700401,-23.88825251870634
287,25.956947492617516,-5.605630833901488,-40.93331660910056,13.257667175055838
288,-7.800143491869255,6.714417918473308,-18.012100128558952,27.166056517369505
289,-23.177326663223198,14.893655483366665,-25.14283750119414,21.983243805781292
290,-9.264089638103275,-9.799493536777275,-31.94457457753883,14.156746798884955
291,-13.4417464541392,19.892355970909616,12.750469017856148,-15.030290663959674
292,-2.6193410607366086,-5.822983736078537,17.513316492260866,-3.5184146180407327
293,-29.54660785071256,-12.836792483512966,-22.312570652046414,39.37611695849634
294,3.8518951185744728,-23.62056398137501,35.72536183488735,-8.60363120004984
295,12.421062844912155,-10.877986689641846,-17.03447602703945,31.78528073363533
296,-2.1714878787061416,-16.52459082346486,22.213150407804005,-9.478122454647387
297,20.098003502005504,-5.643979018036829,25.267655054261215,-13.826419481850143
298,-8.747639919515676,1.7984593176721384,16.688020563232232,-11.75556279361953
299,2.7508182453083623,-1.4013588016503702,0.6667407397680241,-9.730527043799297
300,12.60145447392202,11.351737517384748,-25.953797369995435,28.100993679405214
301,15.104904462543145,-16.029935549979697,-18.579069770087568,29.315237488899932
302,-9.483717461327206,6.350772760581693,21.042027702976075,-8.747598778964488
303,9.89355640699554,24.963756561096492,-30.619072100354163,20.416277707241164
304,-6.113602528807806,12.360861983596498,4.857965309334748,-7.034825686763199
305,14.354664877885751,8.304745302090076,-8.798104077496253,8.46154036364712
306,1.153978524914987,-10.93429695524789,18.827942219703097,-7.296051125633676
307,-10.179095258454735,2.2554552948143347,11.621648368728327,-12.433813990683044
308,-9.591843874910262,-22.21210546028107,-27.32556971643427,27.068765098180503
309,-16.76374780238808,11.342069760676823,-15.161544719537513,21.314618945531567
310,9.606469320173122,-28.004132895873482,-10.25159671554528,42.17886532521117
311,6.004459945765453,6.473876276159306,8.200733535598943,-5.26398449352128
312,-10.370812730032982,6.5827209362594985,2.526470679912737,-35.112157999724765
313,-33.57486802324355,17.225558334512634,-60.00799208976948,2.262171391368134
314,-1.8623297549983193,-15.867756785829073,-16.93950960479594,16.017627109402124
315,-1.7426125417468157,0.05263150439058489,-4.562120570895702,-7.567815167449586
316,-12.800621219544947,-3.897832447373367,-20.43586141624002,16.427378881738502
317,-8.158674590211143,8.936309523363256,18.987512244790125,-19.616739607654754
318,6.705061616220237,1.3770975477315694,-19.688426788180504,23.01478541635282
319,2.2843327246962897,-8.019977256534865,17.448587064964425,-8.368645769437741
320,9.429816659200505,9.951364322686796,2.741615338708256,-24.050531031333584
321,2.0658923712598485,-4.0056305441985,0.19251186992486824,-9.272899265077987
322,-8.14200171101726,5.858288477740723,6.2935402596946695,-25.51802651294454
323,-6.141464134814909,6.910665787749726,-16.941707040153066,20.049441739234755
324,14.451632870532302,14.629324754383232,-6.198453864507417,22.669590417898686
325,0.19513113184568293,7.775486572716894,1.0586569268688275,-3.6810248161373287
326,-25.708841479403,4.193759460494739,-33.997193605778186,17.307909311417927
327,8.095564277403177,-30.70573535566057,-14.15125588039071,37.31661338879227
328,-0.6414202584042206,1.8514716366202342,-0.20564099208731212,-1.4493419566022294
329,-9.82024549951638,14.526521977238815,7.019040361353252,-11.151146125512728
330,-11.740811622910213,13.19851003116877,16.82775043291094,-12.408494733303705
331,-6.809034773442405,4.663990785826204,-6.776999530240171,6.246262088645965
332,14.159996206359738,9.479455971655002,22.817723815471897,-10.157068432160719
333,14.600354099062587,1.3795033987777332,19.84870775856819,-11.186047991943617
334,-2.4512530798653507,8.524273859155423,-1.066500716892481,-3.2990396916902225
335,-14.677798507464992,9.305993736257921,16.808915855702253,-19.730650178244485
336,1.0460431246338924,-14.612988727643089,-20.447418013909513,14.739041824435784
337,22.201396114415367,3.7439104771195337,-9.975067698543238,32.40558874363937
338,1.9267311990295228,0.6626464853812728,-2.3399709001908944,-4.793497886183298
339,12.787491206238455,2.4325712732309253,17.752983961194804,-14.28823882039144
340,-7.59341531223846,-0.5014751664534659,9.971388419805615,-29.95919516159259
341,-7.886006618320581,3.647667754763938,-0.034884910975687244,-5.577577323314564
342,8.036936943173437,1.9354346844127719,-11.320016135805997,17.039847135674908
343,-2.482816561293132,-17.469528168339398,-12.163380164338596,19.75988871786139
344,-6.108350062003558,-6.154128994668009,-11.277118327059892,31.463068792614198
345,-21.8204146525199,-2.0699851758504857,-25.045191082175865,15.89074360642402
346,-2.1751463232783363,3.9250013509202253,2.5179920173920256,-11.453562813679978
347,11.611765901793149,14.252747404367938,-25.069499983150635,17.088955190406388
348,13.00512257930434,11.601539538519338,-16.970956416453838,16.417518563826626
349,-8.659762072508402,2.095460192336598,-29.311187556692065,10.98678441496305
350,11.674776199076145,12.632915960157131,-9.56243784310323,16.55766236764499
351,-22.95733014979782,16.112979932884983,-35.67894065317967,19.681121202290107
352,5.454789548885032,5.759499533088153,0.07550202161959119,-10.284002225141757
353,4.837530179809115,-3.4934864375822063,18.494186026112537,-7.610947807430678
354,18.526871614193624,3.9301587245586225,30.552832404534247,-5.439167861619255
355,17.35562335839154,10.877490291504161,-13.676496993966342,27.229753519092174
356,7.987106125888293,4.231449485756746,-17.32224920490196,25.473359968996686
357,13.672196023692202,8.47316316401364,35.11365452697461,-2.329126998063247
358,-0.9887645834046419,-4.086003603210496,7.538160607713545,-11.835476364280938
359,-6.137002145787682,1.6888740214329168,14.148661874772348,-6.489734188445405
360,6.439117469424571,-29.419686901636958,-0.8802450975406666,53.60919781090427
361,7.717936636690525,2.459049895082161,-9.744369229336863,11.256604628473037
362,13.872647141226864,-33.63732639294134,-32.19960208422238,24.864601519932165
363,6.192863512574169,-17.040570745413504,-34.86542641886876,8.391599676058872
364,-22.60008363588556,8.708671791710188,-16.121851367222085,29.48218314564961
365,-1.8066749361306744,15.864599361184686,17.644942418686522,-2.5929846899015287
366,17.3107315538728,-22.13989366979178,-19.275349971041788,37.37337516422636
367,-9.136011759466605,1.7773074008686296,16.748798771661,-9.072321006580268
368,-5.531601240472408,10.6965156913372,21.930185075071403,-5.694857081967379
369,4.669318719820985,-2.673788852494896,2.899507240669522,-1.3586326855103352
370,-1.0210162250501287,-24.043547852838074,-19.936710451038063,31.908684321025873
371,7.135396090869128,-0.7981515469494969,12.652351916003028,-7.765353464840862
372,0.43061539887144445,-3.1149000551955717,0.5381923588339643,-10.284533839597874
373,-5.913218171283251,-1.0751275529948083,-20.65059238964477,0.8614190269547306
374,8.574465734330964,-1.3475190687246086,19.888702250014287,-7.408256003449541
375,-17.448700965722722,3.481525704470598,24.11686025138389,-14.67178784231575
376,22.943999553491373,-9.24316823155449,-38.34351236774232,2.133158324947197
377,19.314972264458014,2.6025146383010154,27.16731383954097,-11.145841311924967
378,0.24522234928919956,-11.339212146349594,-23.926367080999285,3.8554368668130294
379,-0.9321444063864366,15.15594550286504,-7.765781687415348,18.209561549480338
380,3.2614804445437824,-17.459003542483472,-37.48704925932854,3.6755584942753647
381,20.388465689309967,4.628307524898798,31.677251535427462,-4.308413302669418
382,4.587051410210539,4.819070336555551,4.047962355525831,-8.802190580886988
383,17.95192496050867,-0.9470991613939492,9.641308130876014,-28.295477048320496
384,1.021433815151382,-0.17369855324775724,-37.61896537951636,10.505290879494328
385,-0.5849478863214411,-2.5690604956162586,0.05368357372225452,-12.165982678736395
386,-1.5398595590884119,9.148337569057727,-7.702513332478912,13.219892070818785
387,-32.63658619597197,-5.591762605252077,-30.629693341680294,31.25088016492988
388,-9.97672168302778,0.3348182723866839,14.04263795971222,-12.942059507033472
389,1.8921339131237318,11.505200012994964,20.134062068562493,-1.1655894314516515
390,-8.092282359842608,-8.426446890879424,16.01857766479576,-7.051007962476046
391,-14.233854904755985,-1.1065089025903614,-43.19403319293762,15.622244378329743
392,17.3756378368276,-18.36600375769688,-19.371248949246453,28.915888132257276
393,2.520698671155627,23.691263085559537,-18.043718019990433,32.547014104921715
394,9.338275843452214,12.12853018822047,-47.90306623118721,7.704534620241519
395,2.603285432266997,-3.5497924768817057,-20.906750624305023,20.814509852620084
396,18.843835279669257,-14.956677060246449,6.989813541414396,-32.76662236619192
397,14.932789370618087,-4.620175799944239,14.598030112437797,-15.796172447786391
398,6.690664690856445,24.673983607438903,-31.681756425314873,18.675036989561267
399,12.04889797510635,-27.493680323827085,-19.018855739117694,37.62068003225195
400,-20.949653040793514,8.998662229694654,-15.289260156680456,30.013400293598746
401,22.99716533495897,-11.496658015569606,-31.116201598363396,27.321464375864043
402,-5.445905822134903,4.0050093196828875,-39.12317037188606,5.344205977683871
403,-1.4719985350189377,-3.1922569741685307,10.19358246134529,-8.505824557611405
404,-3.6754957889209674,-14.275252686993554,23.212718553923423,-15.781719824056298
405,-9.473577197226119,17.091548996704876,11.3065276723827,-19.057153918945676
406,8.162523302084502,4.864647191037391,9.050309557063342,-7.604763258112557
407,6.269205294182901,3.353604962258166,4.261496538657541,-3.127015731039163
408,6.684232945131858,-2.9512228880844176,18.49865398722693,-13.585204039461862
409,-22.667062063341774,6.215416594589804,-40.10588431968195,12.920114530026424
410,14.641956948706484,14.359149023063999,-34.53566322473002,8.305695880328798
411,3.5492900435919927,-12.28657954089252,-0.08138185703982348,29.67611679105105
412,-14.422289831689229,0.8121739717144043,14.286753954736724,-10.276698045009093
413,-3.6293353798457115,7.585008149994194,12.963310142398,-3.35540419129477
414,-21.430590556979787,0.3925916160967244,-16.095178067393512,25.36029822635903
415,-6.721824980331126,-14.86183812750688,-7.13660840615205,26.634994493660407
416,2.976619736266878,10.32149704028978,-54.92272647586491,3.779267883349844
417,-0.4821024170429734,4.591369748840545,-5.011549448634055,-3.950365469568849
418,8.443065723824683,-28.808783126601533,-6.669210784370716,45.74699129228566
419,1.6130387243827455,-7.148823494653651,16.990811435017562,-3.2174934326063878
420,16.41613125077206,-16.202083250935416,-14.092814217677383,31.128656793134326
421,-8.157984850438345,4.319303777787314,-10.436063846295749,-0.21033911208807243
422,-1.2704745291038215,1.3690303704325892,-7.55099776029633,-2.3880536582594645
423,-13.921325609938238,-26.407632637658914,-5.3169633713311635,53.37667620113124
424,2.0693475452065226,-1.1915840739259056,21.057216790330028,-9.102880926656075
425,-3.1281753353200488,10.834000041498124,16.52895752544172,-20.4950707413535
426,-8.528816385415581,-20.99114711833149,39.9717294705993,-1.7347709578648822
427,-19.10632559904971,-6.0451115073456325,-19.8459838808466,9.798131209021129
428,-5.203169720032895,-7.378846133750574,11.405455007686838,-11.388806550632921
429,16.890956756817914,-4.925850561915545,16.430144804175715,-11.854650238231084
430,30.03195254840353,-15.5375878384253,-30.470769248069665,21.993669712759978
431,-1.375001432589236,23.903664157971512,-35.303688509929614,6.626908845330911
432,-23.50566207707562,11.593548927889683,-13.00137877057494,45.03134295000944
433,-11.270064794494122,7.125891926587235,-5.0296770207525014,29.75773509491497
434,8.169695452429439,-7.728821216603998,-6.198415774417894,22.347787423120575
435,-1.8854238705194861,2.1297393810746628,20.97863090202373,-9.20186162805119
436,13.119156906362731,-15.500961564501196,1.7001719907212611,-36.200851064455875
437,10.603540416220314,8.793958910725703,5.23954545900175,-22.367625314526375
438,18.272401240258368,-3.0685567872296167,12.268455935908118,-26.495190931422734
439,6.697213100661566,7.157079853062974,-24.46698478562983,11.093216166441
440,5.982961631824874,-1.4613414766424464,-24.272550968014436,10.040054553098797
441,0.7258205695311146,9.641623618317551,20.49645495043013,-2.054100451384214
442,-0.6977503118247486,-13.599205085701055,-32.052209860872644,6.3058328056096755
443,-3.2875831946708534,1.4108571133229453,11.597852740584054,-26.210179528333295
444,13.227355280516841,-11.061825891990319,12.315883302474994,-27.89043491074857
445,-5.817017456896568,-12.376807623178259,-20.77963893988174,13.104347997714962
446,3.8898516244942023,21.81964734384813,-37.49442738562009,4.5975460589203605
447,9.59321948694045,-14.349394525471382,-23.547095703759705,29.509905672424235
448,10.49707787918067,9.428562264460652,-14.053685224103948,15.537650729285275
449,-21.843924622796862,-3.027548764341486,-29.642084569179385,18.687540331005447
450,-22.238567848355636,-0.4438631721147306,-32.67492191347927,15.2049865149947
451,0.09506661742521055,9.962695535538916,7.16875218849575,-2.9057398410350967
452,10.226888465940906,7.240506831272211,-17.240286706460285,23.357847652710902
453,-9.084449103437313,8.66728591226383,-7.196739786943595,17.654576673315077
454,14.521509941314507,-12.77223504898771,0.7663827486683181,-36.75017874210757
455,3.1734955244496628,-19.46081456313648,-33.6541962987905,6.2254127309457505
456,1.6296692685921121,-2.3449865241199594,-7.692576485825164,0.8221063311561263
457,-6.609621844489899,-16.390842323227332,22.908680720739884,-16.946068293231576
458,4.527667039855595,15.867305522151183,-34.77427089096171,7.317115118018414
459,12.756881538613836,14.689861409959455,-19.266749512109392,14.416907145658689
460,9.10941759244662,9.751975141388193,19.88373873994479,-11.962599381331936
461,21.09749076955832,3.369600764883749,28.394132926475084,-5.447251004186205
462,-19.97071539817791,4.479004017007906,-13.502494352584616,31.295336483480057
463,20.682054564320026,-0.27795510163681847,-14.192932891417074,31.282982671067945
464,-7.372870122006632,14.957214499371286,-22.824984463729866,15.742410590089504
465,1.936823441449356,13.53940627923795,-20.934445653728773,16.18984529405777
466,2.4918727477174794,-4.36848578186858,-5.185820823504873,17.85057017931248
467,-17.892307073430565,-2.2612462574654884,-34.36967443745103,13.416298142996595
468,-0.20087151764102196,-14.444076966044186,13.26816784848576,-21.4066617192836
469,0.1530966090304796,0.8058776473847782,1.277934435508714,-13.593671924181942
470,-19.235872638004494,4.22374421583668,-34.903731501761214,17.741734526926564
471,7.935937658500937,16.77588964271843,5.68232820063286,-26.75778131497229
472,-37.916894892554176,7.879515302652524,-48.500052813736026,14.210080265432673
473,-8.544609998981292,-5.585085962254986,21.38932357657759,-15.468669041693781
474,13.44308878165555,9.533550997437857,-17.717503730932496,37.95742411449814
475,9.576688817248234,-22.037222801676172,28.868749865461243,-15.886670976198948
476,11.786366844355554,7.3851913957047275,-11.30170923870967,19.748731481614513
477,-5.305137220372611,10.587208205312496,3.03261671240528,-23.425737918558927
478,3.176249565856186,16.155438909486527,-20.934822394508906,11.267042047891689
479,23.321004418854336,5.445622856713875,-10.439114264146125,36.17328537029937
480,1.5221090114296945,6.590599149620839,-27.40237439134166,11.086925322740175
481,10.304536826855733,18.313131630561916,8.176604280502946,-23.94314231153347
482,-7.1052053434780165,2.0713167753126753,-1.254070448468494,-14.7827424904731
483,8.655324116662655,-2.041362463382778,20.928453929497472,-10.852512405464784
484,21.268586038212014,11.173100856312951,-38.03994900408409,18.61241081618124
485,-23.32261543876477,27.597278018977615,-58.01845871885951,3.8049637535153504
486,21.74514734827452,19.066700174331423,-25.966801838678027,29.858509021965624
487,-20.2904750691101,-4.663584114054283,-3.66698347690129,54.378781527682946
488,7.857155352464008,0.5973865258961439,-21.362618342211046,14.96593007724591
489,6.542170415541242,6.5983834218904125,-13.287575823902419,16.524779812681363
490,1.59927120775706,-6.169844888073333,8.409465020340319,-28.409235929239582
491,-16.088249923601673,5.847109804509837,-12.443102102541538,25.694058364777458
492,3.42863645079786,-1.98867503435535,15.057353377388193,-14.605653756721518
493,-5.763101413544901,18.72768138804839,-20.47879135264342,29.562917186987313
494,21.563927432564434,3.375137986640192,27.469698066997456,-6.392721318776315
495,-0.9161998590316234,-2.658294357257239,5.685653449535192,-2.1630723400716625
496,2.099946860830759,14.438251897292536,21.92175972537897,1.7694795253548834
497,11.163201714879492,4.605683954728033,-22.205644015978056,8.618308024901483
498,17.956653190206055,25.164707111579954,-19.91066590115769,36.726510159224716
499,-3.607731487068586,14.325300036060042,-35.54502301399271,1.8367062096522104
500,17.03170898162061,11.150409104712462,-31.63113777484786,20.128760883381
501,-11.511227512053571,0.02669742712086376,-22.95821920282901,25.477850325234996
502,4.280268316133947,-3.5687620850760435,-11.354269507065064,-3.0530565345804104
503,-0.03210455515562893,11.936811016041949,19.28014948156953,-6.750483905083117
504,19.949726727965206,-2.5668437926734273,24.058418012662734,-16.834706563056805
505,15.597891203016204,5.091498788075058,-5.618289460068283,39.94986614461846
506,19.514082326189218,-1.44423268204036,-39.02370106990002,14.193085901883876
507,-31.788372755024653,-3.0398730855095346,-18.651880199286488,42.357381700916044
508,6.668634543678,26.27377164756393,-18.21372134384073,20.06279504848117
509,-5.913228187334912,1.0481271691240108,5.44949891989395,-29.08359842547999
510,6.952900331291135,12.65485432966031,-30.876918144999266,10.434550236998863
511,0.9892357277308469,-2.4102665592767663,-15.308338137762382,14.184160567499298
512,-34.969881705769126,24.79617210657221,-69.29408382590701,-4.747783518192424
513,0.3968150646960508,-0.07312392489080227,-1.8787507855363876,0.6440771458384682
514,1.18043662711459,-17.743072397865976,-27.646404430904166,15.852284327253452
515,9.790091368462003,-2.761053357987542,-19.23034252400518,4.573222608956898
516,-6.526278176931254,-9.59594001381832,9.821222646655885,-29.468213990710083
517,7.293358160396147,2.578226044899087,-18.09576324364162,10.178505584767617
518,1.3627000888874807,15.586971633035898,-44.36407141155174,13.1206163597071
519,16.357127956763733,-17.968057210531622,-15.866648225437054,35.60011275736669
520,1.7205792062183944,0.008205328532861322,8.43719752632017,-5.853805013887792
521,-8.976890317887467,-10.87629166017332,32.438581838446034,5.522728218605705
522,-21.944469777341318,13.54658589802583,-24.32852673678369,23.82462682579713
523,-18.658405360825085,-2.3993999631556866,12.533895389933633,-29.99113714669572
524,0.9207661022263737,-15.178042035398253,25.922956776321428,-13.530902947049396
525,-1.3209774072364122,2.6669332555036043,-4.276386319620076,-8.894654165294734
526,-16.506261534171188,-0.7991854841481053,-10.421639361871014,28.993206277108225
527,3.8000949516610185,12.079350615134842,-21.21503600359717,20.687363723502628
528,-17.233510183336257,-9.456499055522375,12.98802330843349,-26.33987116301228
529,5.4450867981706255,6.128198800282787,-14.009373289774516,11.811238311016936
530,-2.8617736600250088,2.2713193459786596,11.206331499263579,-9.278391537774718
531,6.236543924116939,-8.82017574606337,-36.49113855059711,5.12389583290531
532,-14.78114381758397,-3.4403029054261465,-22.607495151764752,0.29208352758281375
533,-7.221172985723356,-0.6090035517883314,-32.397868980474094,-0.409499686450816
534,11.763693441377631,2.0709750751677487,-16.452534663556737,16.5574926346721
535,-1.5553200326940513,-0.6267632152148345,-0.7555155227910992,-12.264333441074488
536,-4.462029956020273,-2.262473804238077,6.397864163469993,0.2679512494685419
537,15.700953624217725,-14.591517941487538,17.594490921702658,-27.24151749506249
538,16.13954517482278,10.762993542150554,14.094759976707302,-19.44555243497441
539,-2.8393230465777606,17.32010790501507,4.712541735174723,-28.20126411847546
540,-13.212394930371957,-2.0760372087075005,-20.704235807471694,9.902215301086766
541,32.3631289984489,-1.742355767113941,-30.032315830872253,19.706645322440178
542,2.7633544876751976,-4.1558904502184575,0.06472492379736083,-8.976331291488215
543,-15.474753398457747,13.700704175292472,-26.15333897484391,12.079102488765779
544,10.230319000817019,16.123722018617865,-17.41796948591765,26.27768713772055
545,15.070054943409321,-0.397307744110029,14.1126138478114,-13.522579813875526
546,2.291291791910428,13.059797208103666,6.232110526356498,-30.06196632253466
547,16.758838159375486,-2.534000948196661,22.0530698497634,-9.122025320917013
548,14.391707426831902,-5.519305614538007,-9.697834744293798,19.286006738607526
549,-8.417511715446738,-1.9917355515672022,-17.209523332540165,4.4556817957824855
550,6.242158768378729,-13.161011217820855,6.039150485514494,-32.6926936643611
551,6.137190659938679,12.1101664164611,-21.243792569575444,9.81094503702483
552,7.199437639783843,-3.6529944769388223,14.954800329445835,-10.705111737363541
553,-17.198623411070123,1.5759340681571319,-29.42432667832647,21.05535048183539
554,6.725863451868129,-27.672575155170925,-9.163007125460998,44.44698424174341
555,-0.7658968858804602,2.381870597441462,-0.16117175092370273,1.149110649927826
556,21.466547332161518,11.239790080558901,-13.41663887436011,30.617922203065415
557,-0.7246708429850461,-0.16746921549764401,-7.933981325382126,8.005572684501026
558,7.983986457887728,12.517368676533486,-20.654637033055412,28.646098977584
559,-9.159482566326947,-1.8693104129537599,6.186800384162963,-7.873212575982178
560,14.634965720851989,0.5749540806646944,-17.958421887264468,13.490958145247559
561,31.28884295371907,-2.2451110257291402,-39.940878401497,13.171060823030043
562,19.99849700500566,20.436660185585904,-48.591005036953426,4.70886374719207
563,-0.2525566826471244,11.071304738594298,17.709156835210926,-4.919199917191014
564,-14.483933000785077,8.867579066024465,-27.111237259191288,23.6380543329685
565,-27.98337635589867,-9.622662497407608,-17.294810504878008,41.92012785616537
566,-7.832381976870721,7.593890187435376,5.972162152454972,-9.339543269508924
567,9.718073497241173,13.785783019350285,25.719646945333587,-12.768189543011646
568,-4.357390538279844,-8.881112653193249,-18.05655011535641,6.392534914780283
569,-0.4331299668881421,4.651789653410901,2.9729264245760416,-8.387280279329005
570,-22.007657230702485,0.0781888332977625,9.699032390650256,-28.258125789297456
571,6.4812203542487685,-4.3696027278931275,0.019427562090613026,-16.832396625953372
572,-6.296150401338737,-3.9411545616538195,12.166251666417189,-19.773679942070466
573,8.041439807616538,-8.383146427553847,24.929622725071205,-3.6942736390910604
574,-6.0252029069355055,6.211848206119377,-48.01715641851575,10.950909219960097
575,-6.78583460207101,12.120553639178182,2.2482199734894786,-11.815505999814254
576,-1.4101603553179956,5.134552411040408,13.65485314464107,-20.587222222775736
577,4.138069328066032,-7.671509566808391,-10.399363057602537,20.099737940050183
578,-11.678008199206324,-11.044080796639939,23.90631244051947,-17.548788613009375
579,-2.8665260833745325,-5.802644763009005,8.20891937170163,-10.297453347678164
580,17.051802197045753,9.14464847326502,29.852411601915367,-4.022702397887338
581,-11.823934031843901,-12.93695828418821,-6.496528078004544,50.59267806297232
582,12.9049559191553,0.10239223664769515,11.48461232398473,-14.515486544273879
583,15.623518887944368,6.280495203040636,31.128875118235715,-6.160302638693123
584,-5.785840250641248,7.966822717609426,0.550616390670053,-8.269589058546172
585,0.9725142227455977,22.408596903291883,-35.200144517868125,5.375475459120754
586,0.3215467713863896,-1.3666021879621986,-9.36328665111158,4.112258566540649
587,1.3975805747037884,-0.8825613151195355,18.605293694290047,-12.632750229239774
588,-1.1770602414356073,6.405494442122358,-4.9678243839457314,-4.210631784319295
589,23.37408738204735,10.659027511166423,-22.883348223251375,32.932532877985324
590,2.9692475832686616,4.154855339120874,-1.9110870350060931,2.247173320209371
591,-5.389372156893625,6.186668925069523,3.9519844946307185,-13.517230293500488
592,-24.025434524942618,-0.2360879904825765,-35.951933798434574,13.578444734935216
593,1.0035743241373207,17.94393825451602,-18.39456849998177,14.900347095013467
594,-5.184391801966127,9.523969269004004,15.436030479692601,-11.956524937118608
595,15.098549690553009,-28.32843538043418,-25.09176564310988,33.294310719177716
596,14.690126947423396,-6.250883869241491,-15.521779875387688,33.552589218475866
597,-8.109637517092054,-0.16183405009474222,-11.486178840269579,12.451685084015432
598,-11.403899056462011,17.20468574629253,5.011811234148231,-29.13128505398531
599,10.052964517365982,-0.047348381447393006,19.300093877161476,-10.201736073993091
600,4.1904892028406,3.3551720342527154,-26.128184926150887,23.86758219071829
601,8.158258702231489,19.194452955953803,-28.277159885249645,16.088070103310077
602,-8.598741631023104,4.030242759191817,-9.544974779961017,13.79359984072671
603,4.600378794510059,9.316931477533913,7.5483046376422465,-7.543566068744042
604,-5.049393532524183,16.418130464016805,10.941176567719829,-23.546470935207406
605,5.270903912059195,4.306544383431754,5.872739674115046,-4.729438451500876
606,-12.872316966334902,-14.669355247648175,43.413107988647916,3.541984764664627
607,-30.115108252147152,11.67901875037698,-32.725031393947006,27.11382393445659
608,2.366387544558396,-2.0173432722509848,1.7379900344970856,-8.372382110905617
609,7.065458040099381,-1.7808050174420624,-18.18260530500386,7.639860162410708
610,-2.5512055222435195,-10.655818521032405,14.030683682522575,-9.511760748966624
611,1.033537287782036,9.430030598220663,4.432209833868447,1.6740346291044754
612,-3.665148626655154,19.335606439880717,4.752937072063773,-30.03342741068208
613,-23.465298553883017,6.8581434610331105,-12.723116033061123,33.62499607613639
614,0.35022340147419273,1.4696398752014561,15.690624667180384,-28.144552185353497
615,3.31120059943774,4.00288417354119,12.057499344980604,-3.929056423142159
616,-1.2359842724666898,4.687923260724813,-1.3552876844519686,-4.678549247089212
617,1.446576442226977,3.984928628521738,3.7444068380157414,-2.2770854232883466
618,10.783460703321179,-1.4562548092322756,-7.913355806744857,1.6006747906315928
619,17.715139097742558,1.6728088821749914,22.486315018770345,-18.84600852398209
620,0.4571972093201192,3.9477846657532236,-4.165661744126633,2.5370953711144937
621,5.246824251914706,-4.788383127708536,9.997399494956644,-5.114327568535593
622,-6.519655721747633,11.972731833605176,9.400896864505441,-25.3960494175306
623,10.615737973347834,8.058833635157013,6.0518315830198315,-26.184923430663087
624,-14.01451488051614,8.39408002039804,22.07797757610313,-5.335907442445482
625,-22.90122523940716,-8.198260336296544,-4.285187493501206,54.65434725295729
626,19.501369330734576,-13.180221867414128,12.267268707369968,-33.20095475656739
627,-0.0964259205570841,22.158816740861514,4.616067142383731,-29.021885012446134
628,11.638113703732543,5.819886776683492,22.378509143669056,-18.094428990767163
629,-11.291176056261508,15.859283648215543,12.668137698055048,-16.543704658347234
630,16.61640429286851,-7.339646519433216,23.29520600719296,-17.39942123499882
631,-2.5260054726981567,-7.023004506706053,12.758741967174533,-6.204264745139158
632,-2.362682261892781,2.6688028454785444,-6.517958967154685,-2.07653240019903
633,20.093333898921642,-9.191386005482535,10.308985519196249,-33.61099185891851
634,-2.581011447378869,26.150030770041404,-8.77247092357339,45.82310467596591
635,7.353488212960011,-16.692212932959,1.5006648315361546,-36.02299610609263
636,1.7891761235550234,-9.621972841020634,20.11759915600823,-21.49298546805467
637,1.7591936726996102,-7.400696193051731,-20.495920218953007,9.000920846474237
638,7.094851865870259,4.221950871860341,9.248414265018017,-5.500850467575267
639,1.918687706759633,-19.915332106236715,-10.94594480717386,24.349276925970404
640,5.933937395274285,3.617674847763628,11.36357667090852,-14.901331207906983
641,15.440231216911272,27.972194820983965,-16.09750465939772,39.177230530574874
642,4.808060635522461,-0.09174762293850508,-22.625786307234897,28.716489515489847
643,-13.237370886684786,-3.866499574486389,-19.837228728214736,11.572915729855188
644,-4.582907801505681,12.9644748642503,20.207926686684896,-8.52069300029131
645,7.854324520000293,6.529715762889417,8.481507053166427,-11.896259596486225
646,6.626383580787133,-6.752202364288658,19.76400644742199,-7.438413899585223
647,-11.126005228611518,-1.5692142404166372,27.494861580666033,-7.589229740421684
648,7.464525543153752,6.4347568072270205,5.825588485308421,-15.86296286143409
649,4.017373960893488,-2.6391924472479493,5.056101395407106,-3.952949164034567
650,0.954467496662476,12.201666985143653,20.42743750060979,-0.6728848732735524
651,6.302964802291671,14.240243995378647,-18.71720289251237,15.184230286186072
652,-15.041105543093412,4.906509839408961,9.069019412213748,-33.29350133420305
653,-8.544786544944765,-13.202978124065105,28.625895966910175,2.418799048467939
654,-6.554079498930547,-10.132482291537732,-23.278099942771256,11.359604727313648
655,-4.720254016373234,-8.194474862809152,20.566799874983538,-4.0580079278646775
656,-20.78408868655214,9.282654892748564,-16.56029874812247,29.695965603812233
657,-19.0926619818826,11.775646286287888,-0.39233814792707955,-38.313347355765394
658,-27.889434822326088,-18.57980040311558,-10.508546036735403,50.98980058261278
659,2.805391934817112,-15.364665227297182,-10.149507247579884,20.32983221916306
660,1.9149550140275113,-4.701172384661496,11.643057578634274,-7.313185376305492
661,-0.2443926845653428,-5.963801377434658,-3.3680733082134484,3.6856930262033916
662,27.00096553273326,-4.372952440826689,-2.7992050450386734,44.462956512799046
663,-6.302310195872468,17.874570254815655,-25.66864343085033,14.037644765056857
664,-29.634804612857188,6.0095373422503195,-47.21196646718467,8.58627973293607
665,2.601157861797619,-1.5823406367729183,0.5641190554006212,-5.593690164079952
666,21.83212933961893,-9.827170380477437,0.48858265914190335,-42.52606369178235
667,2.049855785457322,-15.142387237033764,-5.9376379386215365,50.52621907345775
668,13.351949667313098,7.057744885581306,2.943286961145104,-24.17304377912475
669,19.388550503113073,-7.112300331652982,25.16112178504471,-14.132508893482003
670,-6.122180463705132,8.539742838979562,-15.040509657193372,22.241738509817694
671,-5.456118163858797,-8.482181627310727,11.573428752041494,-11.248233109788389
672,4.1149187321879825,11.698122209624643,17.07083435810966,-21.991760826946194
673,5.178726483564828,-18.129068380388674,13.015016541307691,-28.10137308529827
674,-12.984277563514109,-7.843061310501023,21.952082058843803,-19.464745240936676
675,-11.715604479433292,-5.819063479472245,16.47753023747362,-8.873321090297884
676,-3.080315058472262,4.3324432601560545,14.566034891973754,-23.21352907821995
677,2.1267043332846973,18.71776710793737,24.83123796825773,0.05779990568049875
678,-9.522277243442412,2.5674379341198863,4.679646923889546,-13.447501110231576
679,16.241492846485436,-15.690700978562486,3.4937860205309437,-35.16551512808659
680,-23.726345393638518,1.4525773441008138,-17.706677515711306,40.8857440739831
681,-3.739925364304539,0.9400849797517579,14.578412406698924,-0.022347973507775176
682,8.34089802788633,-16.754222541964573,20.7123723650687,-24.59767242955504
683,12.481137469243706,-28.320800449216453,-6.738537035882205,44.696962949406306
684,1.7099286877434623,0.7446284503773288,0.9177879675268348,-3.3861465052964
685,10.47553083689244,-25.29127186021377,-18.826447389244546,34.48621540757978
686,14.470668044480396,-27.051253670237717,-14.81487018691553,35.366774002110326
687,7.853631537729965,2.8615994003623904,10.765637588300278,-7.7680621653931805
688,-4.1644514880637535,-9.97506599716973,19.808604997069075,-16.77164386308454
689,17.75751854985773,8.085367584778087,-18.53656289700458,23.768791055582945
690,1.621738432079212,-2.319305035153931,1.720492353404223,-12.216232106935541
691,7.222340033036315,-18.022719741123254,2.2837912662220474,-33.41411471063167
692,-16.694168765820166,10.898964030057245,12.866172040837995,-19.921282194129162
693,6.739412548278633,0.06876092587636273,9.805499512698475,0.9420686359842976
694,24.44794069554996,-5.548289549003788,-5.222280722762415,40.960487216881745
695,0.6861905414559788,-3.478358438125988,0.006857477924871347,-9.674533345936641
696,-22.996410560687124,9.32337815584173,-48.65399443164123,11.936578284937774
697,-17.099827663809215,-2.352393056761428,-21.705396202736736,19.90961046552186
698,7.414677198337604,-13.773747063625704,-23.343458811299584,5.379524564275082
699,-16.010521081480945,10.126737766609113,3.2980142958900323,-28.701930334074447
700,6.091813811959682,2.434459420186294,-21.555470225949875,13.127597891474228
701,-0.9226573004290433,-4.302339059400638,-11.013264172214585,0.007955368758949533
702,-5.161627268881826,-11.573466470209022,-10.655994714341386,24.05702827782653
703,22.8580880360468,-4.5766875663995945,-24.67106254269655,25.362221836130225
704,1.7965743355585333,-13.081720668552613,-12.239620562827744,43.468635607810214
705,7.667070391142431,6.1880396639557755,4.5415967251206215,-3.9425794119075674
706,-16.160509969091493,0.871509030762007,-18.218389977504355,17.028270571404448
707,0.21010783075528972,18.85671514342661,-24.779128693366705,29.845930246613207
708,-14.8044915736968,19.834360771969877,21.568020368706765,-10.30498559506321
709,1.369916866065189,8.24605771384578,33.118840573866514,-2.6344591438102136
710,22.828090526619484,-4.052261810295585,14.312332911456785,-24.390800579380503
711,-13.38377786581517,13.395397620060953,9.24060638232223,-14.58887702372388
712,10.466465511907083,-24.789200873877046,-10.273355632113665,47.49912543515965
713,-3.2360143282744445,-3.221497225140728,0.3728417888190685,-5.419773939821303
714,-9.082689525679307,-6.497669151816209,26.409603213018233,-9.03086058241687
715,-23.665571932277302,-10.485336251169914,-44.87115251755662,5.682592549584475
716,19.951571773096717,6.6506205467776764,23.35058161390535,-12.415040239125618
717,6.5074063216410964,-4.294763814220819,14.883294674171623,-20.306819766352096
718,0.5374207590436775,-23.205982142033708,-28.327512998612367,29.03097638839425
719,-13.42764500477437,-12.632790897405588,19.18335376628945,-20.145928773295203
720,13.094960274772598,7.30210629587339,20.745228679286082,-19.116964174401577
721,-0.39639903782676633,2.021413252585223,-0.5694170957521205,-1.6870121382236989
722,-1.409920026121061,18.905226197566122,-15.174637301023532,21.334422354654784
723,2.110827267930408,-2.333670814262544,-5.142509766797776,-4.3097196287205275
724,-4.038005894555206,-14.759174685572601,11.600351548177509,-29.009926429791904
725,12.616450762241751,3.539156926708225,-13.243385980043707,9.836442648868848
726,6.4831822534209245,14.617555419996787,-6.49796386287062,36.4225480639503
727,22.116673714264266,4.334181192626015,21.42645435124237,-12.931337407664438
728,17.361038580793917,-11.842203897701951,-29.906680344727512,7.641146347669043
729,4.814650901622844,-7.089386217215532,-11.90004347288189,7.502319630837942
730,-7.460654908324672,3.1294022563391017,13.475072407950524,-8.599799944887158
731,-7.644106223172736,-12.606868094147234,-3.738159165368168,53.78673737113921
732,-20.627267821824837,23.497560975453258,-21.99457979170178,33.35113103590623
733,33.53552388276944,-18.66585900908049,-47.13264312648683,11.944298530058953
734,15.192967385464051,10.412090478460328,-33.64575172491015,19.649463116039996
735,-21.796525011288793,15.866957734135328,-19.904412860829623,37.30096000272213
736,-3.7957426139480086,15.631379261515605,5.088545245060251,-20.627397726310686
737,28.908312391647037,-6.880324301695087,-44.95324748070351,11.283454326240834
738,15.608454117410897,6.944924306086417,-6.543389505333067,16.205416194109063
739,-6.611329835677151,-15.088091736573704,20.861327678860317,-16.455576673121314
740,3.351384833350595,-14.729386385986235,-28.705025148762857,28.726343539912463
741,23.95650243779317,-16.728824653383846,-18.115834012821008,31.183782964016707
742,14.98933606710438,-11.396305261829365,-31.723650133887958,11.304990915441758
743,18.494485182983496,4.009491803593467,-26.59902924864876,19.93797519410396
744,1.7684546560770782,-9.523494882521947,15.467168824615154,-2.102345984489187
745,20.904927036456932,8.428765858882292,-12.732060073763046,33.816772256838675
746,-18.711411480109426,17.68461844171873,10.064285161102044,-20.467044524737908
747,18.082268682800176,-24.81443510681619,-23.69561511285342,30.496729674911823
748,1.5359968433130313,6.719493134902953,-0.6727096506303911,0.5139389598673989
749,17.34988934375746,-1.9119444572912254,30.470200828443193,-2.3856003504260648
750,-2.7532327889899366,6.1405210325171184,-38.41395525026846,11.49721032942612
751,0.09485544986643862,10.514585573299174,20.131741103437008,-0.5644854528245484
752,-22.000938633917762,3.106996347313712,-33.86046055569033,15.423068081631023
753,-23.37609746135118,-9.941132111502899,-24.406580485088245,33.78170049848904
754,-30.766701015683644,1.680995193921267,-12.202316171512846,47.89431354741457
755,1.6941340527619664,0.0031035736753143306,-6.7910837467686065,2.164405628549181
756,-6.518902134906397,5.41383539986539,21.23812633352647,-13.542687388764053
757,-17.291746304514845,5.422676125703882,-14.261630074938399,31.517549167148594
758,-13.712713506042894,9.112492140756327,-23.879748819108865,9.500283895582463
759,-1.5666956407097157,-1.2476730420079845,-3.6720399124970355,-8.535765055275588
760,10.203889702137994,-5.987386994378105,0.9774799820991027,-19.091509131900747
761,-16.090625194106906,-13.198022002868631,32.775257347012996,-8.040407118259163
762,-5.7575449763178455,-2.612817198091351,9.77861208208649,-7.410179995291768
763,-2.6577065172393257,-1.13936051031655,-14.998128756982936,17.528710714067405
764,13.769820840433919,-6.060238266896605,-26.178061472889183,21.173358402159497
765,-0.6903713785917156,-6.323866307913896,19.28790832127906,-6.566826595868401
766,-5.69094747706083,-2.667199639010811,7.562750856115414,-6.174953630928831
767,-10.70919046158361,1.0496672123973914,-17.859821920519543,2.9847679230906468
768,21.623151435557908,12.62425769992368,-45.181939274218685,7.783388161684162
769,19.467919125099385,-11.634587827507596,11.017683651590177,-31.282701809951185
770,8.375523736202123,7.195724794322701,-1.4694872928747862,14.822308619196136
771,6.070454829958822,-14.005363885812132,18.786441779470206,-26.957915370312108
772,1.5354614012221848,28.932629028579584,-17.739223022997194,20.775529738507945
773,2.8898936636560855,1.1929557437569074,-13.715804975972247,5.137550281352428
774,1.0159287667301453,-6.7872505520119635,18.049646478323808,-17.615579623673035
775,9.67896547912833,-31.845269635024888,-19.16526252647964,33.19425032722307
776,-2.3371252413634176,7.2222822671184925,10.384550000675054,-1.9074799447890496
777,-18.38298385474485,0.1581297559672269,-52.891994172366715,2.1420334461699104
778,3.0053403824324008,-4.1189478506210655,-3.2554009769791197,17.552466341552773
779,18.291810657688572,19.027007592697963,-44.56056005596534,8.123329350176823
780,5.5100687571601785,4.196337641837088,7.989301983011725,-14.983207238281528
781,4.908160133171496,-20.04365404229177,-39.59830100975657,4.40252553302213
782,-8.172829312056999,15.51532908302881,-25.27357418291493,23.9706150581566
783,5.896766012566827,6.481046202779546,3.992434288375851,-2.6639305150863195
784,4.540148461656041,-22.69182597451339,31.62129787474132,-9.476361847694488
785,3.3469903473511584,-8.977736912512514,30.80732119585267,-1.0477786826830227
786,16.735749115146,-11.577391484590635,1.9265197685574162,-35.83107836961684
787,11.594760820994972,-13.377474026271132,-38.27120777212448,0.779959875122779
788,-0.036892125385739216,0.3903976673083566,0.5632402858696017,-10.164235137171541
789,-4.7369194984893115,9.08737392794364,1.6091134382790488,-16.55483275592151
790,5.635583177514823,4.712417346566248,8.857331838737517,-9.870450281995726
791,-5.004133329261277,-11.356058246147331,-8.833841106560811,23.63815576642891
792,-27.94116224867492,-13.966976956645073,-5.739345837064185,55.792972823503796
793,-13.780583218431204,12.375236947462517,7.003323656550323,-33.71467630594487
794,0.17989000262994043,33.23965790864587,-2.29473645571247,53.3371005024756
795,-12.474620680759148,-1.1897481012228992,-33.3775565713245,13.489219026319294
796,9.749385057757317,-3.4365116707062437,-36.28929396173731,4.93670666017729
797,-9.888434093218798,-5.79655773780702,-0.7582696668119722,56.37891163640308
798,18.633536853736352,-2.1599912357138384,25.874421454768694,-12.206557290845563
799,15.671466328972203,0.2983788703379195,15.46270120216629,-13.381560136849798
800,-4.84735978662407,-8.570404329768406,11.34298921648545,-5.616059706655978
801,-23.02589002106751,-22.620664170789038,-8.172278179482147,52.8693772740073
802,5.142207467542207,-0.44326467550823384,7.336228519549955,-3.7428997788243374
803,0.7665670104228799,-3.377668118620147,-6.659524141667809,6.297912165231455
804,-5.200697499013157,-18.500811961884676,24.84222481936154,-13.15503605902727
805,1.960543352089286,-7.244869694197742,4.167529348752879,-8.083078001941708
806,4.020496243104051,-0.468105774278869,-0.7702912489733729,11.159327498650535
807,10.44688709538718,-3.33621360876462,-24.48985500177709,23.043761403418483
808,7.708388569079306,-14.730258569599187,-24.936163660616472,26.629161844081214
809,-9.91762292829209,31.32419051539499,-7.218897863195073,46.98436341025534
810,24.07526124940827,7.096761599915888,22.898562359693525,-14.93506108384699
811,3.5025289199063048,11.184529618046392,33.817508054666156,-3.52281703836528
812,13.291630798631402,-12.493621543924794,4.383822890411407,-31.5466409543903
813,-12.214644756857785,14.32895322525857,-27.482495947325457,16.529471826947542
814,13.337792745534978,5.600951298235249,6.717578648179471,-20.333041848760185
815,8.423506928900673,-14.537084562434982,-13.867814365531308,36.18537753288213
816,-5.402956823796381,-5.185641996830546,13.702564596911149,-3.352138484843995
817,3.557503797558165,4.133548513165562,6.230366421559189,-10.898934886424868
818,6.263180389536522,-7.224934519698648,-11.592315643996777,6.683134669021689
819,-9.054920694181295,-17.522440781517947,16.963207464618893,-20.1059110385013
820,3.5855126396763204,2.2204015684397946,8.870079223182051,-6.930135947154152
821,4.0148307403271435,-0.8873866419161089,3.7916775456089575,-7.630047212910284
822,0.7316485606776881,-20.47578063609967,26.529248952601524,-14.148213515476192
823,15.397004405286168,1.2228414258117022,23.8782706824313,-16.99918065232594
824,1.0857374236597028,5.78923794953743,-10.088613667896354,13.72341016587111
825,14.853401755319434,-23.274868069685024,-23.25301595529211,26.39980878097585
826,-1.57892510669147,19.58488318873779,-33.110556327854866,1.410876904254526
827,-5.329516685234112,3.9105760737142097,-36.83153067343181,8.135238839931148
828,10.911884821893786,9.038469053212937,-18.378297494804205,22.99673574278162
829,3.183620508585412,-10.359641278625709,18.412605983237963,-9.040516612179685
830,20.068207513170634,2.933971734073999,31.423761681064644,-5.664137290796042
831,17.598600099587046,-1.2346992700331028,23.814266935367183,-7.610645665424853
832,0.41897817518558966,17.111023500377573,23.9369217731049,1.3620045894590094
833,2.194118637252102,6.8086776850554696,16.908652978165854,-11.962742035199323
834,-25.353022372569235,14.970286022105833,-41.062946473866766,13.209189267415391
835,-14.112097305715805,-9.215544933393764,-14.741444369612614,23.49773520454889
836,5.322450033923147,3.494647415586473,-17.005125202668257,4.982149804008905
837,-6.448937174963818,-11.355250721021406,17.852037578364683,-6.288469418031575
838,-10.126148984937142,-5.717972690056986,-32.03672880182877,14.598077246538287
839,-2.569157799857521,14.125426913077384,-0.07654953842826773,-3.7599280114506546
840,-1.0496545776612438,9.61181376604961,3.809632704493993,-31.155786037245107
841,-7.459536322951252,-6.082446320810923,-19.654445522637815,13.664647534004711
842,-1.377393151953967,-1.4828002636996682,13.632651272267498,-8.477240790596934
843,13.448570958988606,-9.569737978152391,14.125079167646817,-20.803446503428063
844,2.1820780436446947,5.896038523669087,0.7405754090859751,-6.565613206005546
845,0.5189682085381551,0.9131225753558638,1.1300781673588758,-0.7905751660359521
846,7.84903657977241,9.638929968234828,7.402286519494572,-18.620661941158122
847,14.060612670632459,5.165927754495582,8.700317496122786,-18.401697824346893
848,6.792067158287899,3.789347480657816,28.315344840700615,-2.8735953731223653
849,5.342445224788739,5.08446029601065,4.656374005922796,-8.549428156263533
850,7.375812608041563,-28.934327404632935,-4.275339303003507,48.495946351787055
851,24.354130563225688,10.15583241003266,-20.455980448151855,28.340271292159063
852,0.7744311966322587,-1.9778922505792969,1.3413281565261648,-6.854365810031757
853,-24.67589826655496,3.2846906437801286,-39.04892749178847,14.469853051394768
854,14.253453426832907,3.878814927347624,5.6794741547614525,-23.15256962653705
855,17.044630512625915,-3.5376002460342577,30.409429331570475,-2.1204529273195196
856,-15.509072645252362,1.7371933728820064,-27.374488346731546,14.003900871121536
857,-12.126395201376635,-4.426383044793886,-17.98438551065407,20.953389451899028
858,15.55165875156937,-12.874662279042559,-35.996964661733216,3.4720483800064734
859,2.496910065023197,0.26641863772432156,8.618675077376963,-30.50672905211286
860,19.744919711155113,5.066628976261713,19.49841214832667,-17.263900565727308
861,-6.280378353510729,-8.29220338713136,-42.995254519599584,9.265611874423174
862,-5.425440471268039,-19.74753539129353,-14.746828538740473,19.833470581862265
863,-11.796084944883848,19.242981360338664,-14.877472749923214,34.047624576596924
864,27.46991091779787,-0.29223207115849203,-43.28337849990907,13.752843752374146
865,0.46386440145370644,-8.090400632828938,9.04938634152924,0.9225022326773571
866,-5.623857521692149,14.838292553440779,-44.60238066573187,6.808277380088251
867,18.863812005182467,-20.64401368365776,-21.204956567852633,29.65240824384392
868,-1.415596984483313,5.74912714008205,7.562486366212232,-7.146891080814672
869,21.650100340671173,-8.029540073172651,1.822571880927652,-41.088991667259556
870,-14.876464186914795,-0.1287922873769375,-26.333566649221225,15.19771992848628
871,-17.356151576230317,-7.978498263413662,-18.96787099590091,25.252122167633754
872,-14.243931227873928,2.1199897111939916,13.495738617976762,-20.356659982742784
873,-10.044090345387092,-4.587318664151227,36.76589778492912,3.714692592864792
874,-31.65782783810306,-8.63933995819647,-23.030777141933438,39.030952640745
875,-9.26515004222031,1.8491260247555055,6.796115921086061,-14.107231210160167
876,-9.866351987306079,-0.3324825260697611,23.036297980667076,-5.525220236142536
877,14.227277655611731,3.0171999534318883,10.486898698281461,-17.288837518674136
878,7.955030346025176,1.1509399302082375,10.431758922899435,-8.517685224773745
879,-2.163566206528296,-12.778663025307434,18.316396222396538,-9.056547304832971
880,16.090550481577345,-12.310161600163845,6.662776203397611,-32.36236055454482
881,11.36754737214897,2.7455750589948895,-0.5634785103201518,-26.465639816440348
882,22.769669732285266,-3.7371354384827673,-12.63179022271756,31.21716271945825
883,-17.93983056739136,0.1666769513497235,-40.45355847092304,9.031248558167889
884,1.9107060766101192,2.252966182446686,1.6217527916286048,1.231190999670413
885,-9.13462997794288,2.8327994128674643,15.509949611654328,-9.982753466664201
886,-5.610467550107805,20.656653926706696,8.270943724289332,-24.366606611894536
887,2.6802038194761164,6.0873905701117925,4.333410707804749,-2.501323904870127
888,2.0126253477186538,4.778610586469081,0.578963534490073,-1.6512786212495043
889,0.22101804972421066,6.051580685973423,-1.6951023509924443,-6.171123533109963
890,-6.406018892626426,1.452796398966277,-12.633635533578497,3.096822965058963
891,1.803260536016961,-9.87429267985576,14.533312939335488,-2.6179882071443
892,15.845947479527815,-2.4841215821329685,26.273725768923413,-4.98030096677471
893,6.904772085540467,-3.0122241019722686,11.497294315629054,-16.84847786205757
894,-5.787582439330653,3.9165574504048646,-15.726352985588962,7.561623652846841
895,-3.640459279555306,-4.235204396326932,16.001460110161037,-5.908526361928365
896,-12.722307328343845,8.591600752538724,28.90749511015039,-5.910613480055824
897,-6.486831270650311,-15.29889881368091,-13.849982773653826,19.59683404475462
898,5.743044867938776,-0.3916496538105788,3.3630406608690584,-6.4504840680233535
899,-1.172813276606337,-9.823031766175966,12.470159544552455,-4.497533324162626
900,4.848897834817476,-8.485949286558045,14.066091571046872,-2.5225067531143694
901,3.5417628486731414,-29.954885510243543,-2.289262568354551,52.55147752084039
902,1.3308503764626989,1.0406700401428315,12.472190685924765,-5.329851804413108
903,10.266450902410192,-12.110193017762363,6.3696293109962205,-30.907553841830904
904,19.563133507940748,-1.5664845752055465,-19.500375146059483,28.004752320924354
905,-4.892075988169298,-2.320582039344492,1.1642022769787634,-13.88137006827714
906,-7.635837994999095,-1.8921283309383543,12.911095413959035,-24.67445749351368
907,19.195087233088593,17.43595142873455,-20.500196820538008,22.137027806637047
908,-28.114086905792988,-4.466683637711854,-14.744560310480297,44.95107235338506
909,-1.2746304176361016,16.56652423534473,22.88818620744053,0.5237578727665131
910,1.420798941145715,10.525839159811092,3.9995033834305596,-7.0120838556083385
911,2.4416680399001747,-1.4025961407082739,-1.5144770840837052,-4.7722933582605265
912,10.001550243858246,-11.925544858538293,-18.095720311058564,11.356793060155091
913,-12.308872772576617,14.974821721354974,14.17095792349301,-14.374077479092529
914,-17.927742406930804,3.5956480486240805,-25.284544781804147,12.931173716230084
915,-16.176658033704804,3.982928401052205,-21.896395726270534,9.491570911285558
916,0.12199476939043691,12.65920471559299,18.962034068359635,-4.067453792958505
917,-3.953616112393557,-5.835999849759459,-16.11368760549467,16.005456016150603
918,16.492109849918613,-19.298574698742073,22.673714724143476,-21.48216803654055
919,-5.0736372074943095,24.24301696352076,-16.063892314682228,34.38774590138544
920,0.8951235029839426,7.907757224506725,10.179445759862674,-2.9869225165430806
921,8.556228862030503,-16.656085105327314,-17.476249954549004,18.02007996544319
922,15.315470885079016,18.281017798576883,-11.50994181656419,26.59668739523532
923,-0.4634364234655082,9.094189825993388,6.113265967304056,-6.093363453301507
924,-2.1602681064534037,12.88323243497565,9.666769950300731,-22.94742504610193
925,1.4515026880709243,1.8044213236002167,1.481545630958235,0.6498104798046267
926,-16.64856407846471,14.124539590209428,-0.8718421639235627,55.388252264914136
927,-32.97594860866679,16.70325854752785,-45.26742912991441,15.167066992594659
928,25.25330889329105,6.32922008583644,-38.83036228595574,12.226620350444362
929,26.88938123568935,11.915739379779515,-50.37652034812086,4.058991050550636
930,-18.072861901989555,19.335003079439392,0.9940764271360822,-39.597886204744775
931,24.350670290895046,6.736295429980898,-45.92250486399488,7.167811421554374
932,0.7871750527074133,2.705751646520889,2.126010270699338,2.9834763554504153
933,12.391038691087596,7.4018807161558104,-31.830340323699517,5.9114768706391985
934,10.444102693408093,7.951661843530915,7.294255961783675,-21.760598740353274
935,-2.5503509564721054,-1.002925938510906,4.216187401005753,-4.742492515231563
936,-16.001842131236252,-2.3280205367808655,-24.340646329433937,25.043845556336546
937,-0.7512311523463575,3.3777302125104782,3.8102807603383124,-3.1585463631864514
938,4.115031570125517,9.382249769451718,19.16099000231474,-18.455451434850175
939,14.811898155296674,8.156714505904983,-5.422463256474513,21.118820078196396
940,0.46820232685709495,13.735169979391625,6.674873741099493,-27.401897082746704
941,7.757740346917714,5.011264356469867,13.507781147267174,-3.1577359905392437
942,19.948255457471113,2.1524966806597483,30.637504186486044,-6.3608391889221
943,22.551008892954492,-4.163218463415885,-50.953163983831914,7.3439032172548115
944,17.738269298142697,1.9201517719550278,29.696201720444623,-5.0219459605214585
945,4.902036256928268,-10.691690480909543,6.902828380253585,-32.315729199929265
946,1.879313214375713,21.716711597475456,-21.136313982753528,27.879953840147774
947,6.98519360609136,6.23903583187582,-43.81426263894565,1.9989073747744799
948,5.7199925483460365,4.037490279348039,4.751232521476172,-16.26819724334988
949,-11.65452116656232,5.255315066905987,-21.07139000335464,8.623285137341353
950,12.534477054722542,8.198383846465875,-9.125211604877896,13.476768160188149
951,5.127580030628619,-6.278150134260667,18.58911614771974,-9.305282926742267
952,7.196463012206606,-6.062443272651273,-7.98956946257568,15.533312543741625
953,6.141572323527506,11.844739358239478,-24.533680636654033,11.86030021385752
954,-0.24521639222905567,0.6809018717912341,-3.9050014999158016,3.13606602739681
955,20.031302136256883,-2.2550879438377085,-20.737676633470297,24.74768411520361
956,-7.1983438668473685,11.876739843656829,4.417275725150089,-14.381273030103428
957,26.86022645957042,22.37794747588463,-29.11329794984876,28.337812039791334
958,-2.361323675442372,4.779525458233213,9.85175058131859,-5.298569212078043
959,6.8085628767583914,-16.58036331858752,-7.309387971183201,47.68204459059993
960,2.403640541192729,4.55652395393123,-15.638771371346284,10.817149818762605
961,8.120681376786212,-0.30246908391188293,-42.060566168377925,1.8559629390389016
962,-15.262697126257958,-26.090311437737864,-13.751961665044892,43.80128481713966
963,10.536583753846159,8.077308689135313,-3.0797496366070405,-27.914204303969886
964,-6.500981556482718,12.508945899777723,5.266705864636512,-9.218507348091865
965,10.843073982439138,-11.148715209309016,-19.842033858131828,10.433631312436624
966,15.719916557565513,2.007260432141479,12.346194087070142,-16.87673134630976
967,-28.592798575352866,13.6323738530598,-38.56015291696819,19.92119320320025
968,5.029442962151073,-13.065934304635228,-16.44448285190903,15.168486177196613
969,16.469550316572537,1.6703369025748893,16.680605116581525,-13.306638087525785
970,19.925314330158812,1.6763913467497813,25.773252744590092,-14.312974316630305
971,20.162717071102286,2.5689123261061004,26.6247875801166,-5.800709317506321
972,1.7096952970895165,-5.971576388062704,5.385641370161515,-8.50675129746701
973,31.197884659861515,1.0353882673375936,-42.25329399742721,16.321149277117293
974,5.1444800233736405,16.70255538615223,5.97191185792631,-27.642501119240404
975,18.6811197828643,17.37519757892732,-13.996870162623903,28.26992618956148
976,-18.993020365397328,12.785830417998342,-29.40790069534665,25.333965064612823
977,-2.5968135167936093,2.976365528390146,3.308915583702291,3.9256310172031736
978,6.599393577844149,0.0637694069383885,1.1927624564185213,-3.819290773635705
979,-13.842888022844903,14.01661870915586,15.717597909478837,-11.29047536312043
980,6.158841658413123,12.661985673740578,-34.6218973513961,0.8962361311528908
981,23.723719732883772,18.055388061412707,-26.045435234938825,29.22219670789366
982,10.47377805176197,7.321811004390212,-14.387946205556192,9.026773120395985
983,-6.590042584665964,12.882067955101133,7.240155587010808,-28.812635909953812
984,3.461136159881483,17.01645484139812,-10.370163943232924,20.615463857813214
985,25.16013516156965,5.30579351947297,20.13455226110411,-18.17349170508075
986,10.731677193747338,-2.400921312057141,-18.6036478115814,22.77933480869646
987,2.4815013450014063,-4.60636675425881,16.41688229974474,-11.791894095541286
988,2.066988015624312,-4.889300481829329,19.570634246041653,-16.500408498224033
989,-0.42400813857384834,14.632173856330907,-23.684133020387566,14.460488222773149
990,-25.245621031395686,13.233493994973221,-25.715862571912844,31.33332928623736
991,27.17245465562958,-6.503065197607238,-53.62429145983082,5.5639799135133305
992,-17.509297076486128,2.902846258277614,-22.043107503235447,12.390409236647125
993,-5.730337743073205,-5.170259676670798,-24.358626101040908,20.848697851074082
994,-10.183798856563767,-3.9631992505582434,-8.172160797060666,31.227992099131278
995,-2.253509186111897,-4.235493317210001,18.85602985939534,-8.743352120164479
996,-23.090943317908526,1.5234083238153195,-21.526751877797782,21.847757518691225
997,-10.982204515522207,21.703504417900508,9.912587787753136,-17.572450282093776
998,3.9946436114172386,26.058996250254076,-34.08480973490657,7.9630410964894285
999,0.6151533361167014,4.162727049805148,1.4620820564145052,-9.86208549118153
