id,y1,y2,y3,y4
1,-7.526991598582575,-9.731968521738407,5.900820453655436,-7.811866363872563
2,-15.170133188883941,-9.026155726618423,-33.1518875055148,23.576973086044163
3,-14.004790842923423,4.921643490402431,-10.634771315817273,0.30802306939539004
4,-7.96500423414542,-13.491637341713812,-34.13456370596378,5.43391067762703
5,16.788421777391864,-18.304970668765318,-17.034902430851027,31.91775671355762
6,5.145258684592421,11.28885482968721,-0.5157105043414187,-13.548753659930007
7,-16.631936441975196,10.484234462641506,-49.24856438916467,9.808921197839407
8,2.7511583480984987,6.652817803850166,1.0948962431808322,-16.258447983232394
9,9.034551268283943,-0.22759904720123458,12.11320212052978,-27.38334835295756
10,-1.5598371638319355,-5.319355558335957,-2.964069587487428,-10.261557091448687
11,-4.697447244267454,9.988623467670273,4.480383232062433,-29.20840144537401
12,-5.410630921487207,-17.055626489965228,29.583566925083403,-9.459230421213377
13,-0.14372598234206452,-1.006918159700593,19.216425228451776,-7.504766646534674
14,3.527665935531501,3.7213139669576787,17.061217678836016,4.850012585919948
15,-7.920465774043563,0.3688788498925426,-24.21572003248506,-7.016276401420575
16,-17.45098323825189,1.9195083034285112,15.478363315956377,-19.686045443225826
17,-25.124230785173403,14.997667629610845,-7.323193581801116,35.58125325525234
18,1.3407577634629222,-1.2182743072857427,7.023420277574816,-8.084230546834146
19,4.713668102737729,24.30959039180742,-27.067024594477132,-0.16226604224410868
20,-7.6761386526604545,8.720981227523932,5.775255986031324,-28.76964844658232
21,11.786028655700477,20.112371071099293,-4.607621292213363,43.713800253345376
22,-7.639969862346564,4.838189777064873,8.019290086870823,-5.548561923949566
23,12.639944162232755,-6.9275116578285925,25.713969924236032,-5.774512620003976
24,-8.807182724896016,3.397279140477835,-40.80572872639968,-2.5092727975119855
25,-23.05531875255262,4.954087857805849,21.9311481505218,-21.417662369468633
26,8.013169388661883,-15.330184089758593,-37.55138962061266,18.313692590197142
27,12.425150338425823,2.7150547953584994,-6.692357102587604,-34.062485676894106
28,-21.061501920823986,12.606295632194637,-2.1196482421049136,-10.146412957166497
29,-11.43556237660534,12.392868104093559,3.5826075522116785,-36.168207680136064
30,-32.249533475763464,6.658705393637483,-29.979708597691875,26.07669977591243
31,-25.236119025406456,-14.882825554637408,27.875524123800233,-8.659309653070483
32,2.270675373901935,0.8972771353440923,-29.500522561556927,26.965691177175394
33,-7.599694912466872,9.528547860772036,-15.25573717955078,1.2139608591688897
34,-5.301655063356292,4.008449426694778,-27.135339559355437,25.831274348491352
35,3.0251270101593475,-12.541620854307952,-0.15864211008015427,57.67700412096099
36,18.866041151610712,0.4523085449456694,25.11190580384183,-12.076881189900622
37,5.669546701406069,-15.994891255746229,1.8881173737465442,-16.26261389421918
38,-1.4711311153903575,-14.971677201393497,-14.778610719371878,40.527571282488545
39,14.611515526632974,-6.445382831544283,-31.035492487679498,22.97944017286375
40,14.63578225181561,16.69895880284887,-21.616921009786864,23.57850829163341
41,-13.78903765075117,8.226369665583093,-2.1350319527498325,44.35738370093466
42,12.813811412985324,5.515315053462203,19.399505249980272,-18.276566338309227
43,13.637914858599537,-4.390436890479696,19.873965011464776,-21.60598130102238
44,-24.0898762943994,4.531759833451716,-44.19925165423361,6.740874299079743
45,14.343483716794935,17.526577536158943,-6.573248547716551,33.417390074700585
46,10.787802864269079,21.581981596832936,-33.67761697041618,23.766238430233862
47,12.2049369822799,4.816281166060556,3.3585771648704696,-26.43484351399066
48,13.655795719289639,0.6064938457525475,-49.563547434157044,6.428961400806103
49,-4.322332753724495,16.18739230502403,0.34474343036056077,-32.3454739376989
50,-5.39209539582187,-0.06008311900868257,-13.775731237432426,25.12846748405212
51,4.125142504549719,-11.617805210402285,-12.260480441697345,34.678363792992734
52,-27.763894000983846,-13.764034110440388,-13.744848578674167,45.82749034122425
53,-2.31675271408655,-24.87581229194411,45.09152971023997,1.1943421764289563
54,-3.8335787381960964,4.572816349903352,-25.859393311929843,23.33929353659299
55,4.509509349517761,-2.0785905364426647,0.1192103627382739,-16.452379177533988
56,-2.3683363135541233,5.576893448324739,-15.589760583981297,32.11201994972193
57,31.247187855362604,1.9282549374398137,-40.14703808215355,16.50964809740346
58,5.844125559133061,6.804617264244735,10.010013572569546,-25.068576429272373
59,7.119078625731368,-34.32045061278302,-7.392194880937417,44.91981121205641
60,8.17587867523547,16.556492853067578,-17.893695408859784,29.722980800877078
61,-21.31926809279308,-0.5595078444911508,-24.010090524490714,12.065397030168931
62,-10.710331181611195,13.244334315034674,0.005517172680189475,-34.4998815026117
63,16.914906333039085,-1.7704823130584124,11.028945218476673,-32.392664829244566
64,2.903581578747681,-2.147065665992594,8.642326012912568,-33.59312210385115
65,-18.08070648954519,7.908529588464544,8.495119368265447,-27.614994557255855
66,-0.4536614615758828,3.876029225139817,13.219894017095031,-27.409543136205965
67,-25.420157861225174,17.4290236579309,-44.11890904704495,9.830102573553614
68,15.148067137835184,1.1005942741622619,18.39849345415773,-20.75874316927514
69,-24.818935500089204,9.856827655849152,-42.38763854873323,4.359672517436835
70,-9.254173149062096,4.495873792618447,4.159807424525271,-28.84819075839561
71,-13.234994824315391,10.586488389965734,10.717945548943343,-23.726410481289562
72,-6.08146257884895,-8.56439772936106,-1.9571397005810578,-7.358344654165729
73,-7.066854113771534,5.766280304315975,-3.544606976023994,17.261436613762772
74,17.04759104943356,-13.469346369021396,0.23836195256128256,-43.780558674169264
75,15.831288476951784,9.052612882846853,-33.83652250031942,21.360062843365572
76,12.45787478484279,11.569742868553842,-3.9643139784975165,12.237402991643677
77,3.4756041212521867,10.045645869581229,16.768027539152897,-18.528285834315618
78,-4.870073401999021,-8.680829839105789,-20.700825871098367,16.111152747494348
79,-2.367555958909789,0.3109470864290529,-2.382152791178788,24.38081884646159
80,-4.669194491192807,12.723083418213317,15.425773178001842,-26.015556644440167
81,16.39559921912168,-0.13991274936157438,14.513214589819308,-24.8731117305598
82,-10.843144525591997,-15.622117688799001,-33.10386582876498,23.07336281649303
83,-12.923009747447871,3.80956920406185,26.097393940047553,-7.780677663479442
84,-16.07942353387379,2.0415181569043224,0.3292127300232739,39.005586589216236
85,2.592971433699579,3.1550233150417277,20.438339335622082,-6.5112542408288165
86,5.19309218684359,-2.7887651130675835,17.623848478032727,-5.216516805944166
87,-4.154750919707602,-6.871678174256541,-5.678958854217099,22.06333926233593
88,0.2915389632870608,31.76736682882859,-7.524449752641369,49.04616570124289
89,1.5824862968865583,4.254321686820671,9.674889254624167,-11.38444814213597
90,-26.876950131998786,1.5331424708362267,-48.49928772088995,6.285355396038638
91,11.388476489462917,-4.115402436392856,2.8788034180350497,-33.80523562452642
92,-5.179198809501641,-4.930938453234315,-1.424971018852352,20.604668604923244
93,-4.211555402762934,-5.6784124208607025,16.818513571696684,-10.022900144096695
94,-18.160537160837162,-9.798698788459088,-23.157069486342017,27.664061240570934
95,-10.648785446304474,15.606358745611967,25.32221097395695,-5.6370007868365954
96,-6.749328810874366,6.630422757987393,-2.45501170902355,-13.577939399716243
97,-3.004922671111843,-7.215930777451671,3.8840926552468336,-15.11961768902499
98,5.398488525313289,-6.209889774111497,11.217809820190103,6.683074493329799
99,-1.540017751784167,9.185194784840025,6.511796931429794,0.7965474266503321
100,15.158729588390608,-20.827606842347567,24.11140403204017,-19.453217998254864
101,-6.293129800331468,-4.021817946621152,0.1771265970251985,-7.253275788309831
102,-1.0811564772300057,6.172216287397262,-16.72393074254409,12.734200850845095
103,8.421440525943286,0.03444733517471654,-18.447581403216454,1.206586596860135
104,6.862291714399356,-8.565047541779043,7.982114089369446,-5.325394948230467
105,11.231460529176815,-21.06197261074811,35.14565803591982,-9.513858068175152
106,17.86126579953174,-3.716168521310184,-9.024559221888738,35.83045520823492
107,27.04299849637515,-16.40821502201808,-11.17142432978451,37.860877466952815
108,6.968508911724805,6.850289988111701,-26.200707364722703,12.780601210221537
109,18.809879309326387,-3.472543192546425,-15.885166653959107,30.798198792043625
110,19.568545364103375,15.031814109834496,-12.4624075860829,37.20117671271019
111,0.4620880586006643,4.146636114612509,-7.989368989694766,20.3935242548318
112,20.554623956535803,7.9270059499457055,-9.589651259557712,35.49827586948344
113,-27.743862591848774,-5.487403050198017,-14.995729056287347,45.336545646958236
114,34.78002239601979,-20.869543382672123,-30.07689374928804,22.730157221299322
115,19.520583554816284,-7.0835838713909745,21.323180692129277,-19.54169411735888
116,0.16022742459401312,-21.504092213906965,27.013219664460017,-0.6570461057457841
117,0.5692015705557862,-7.1930062319853665,-23.065416957994742,11.714488986385113
118,-23.328329806130863,-14.913572203937838,-13.275893911824449,45.97585458196987
119,-1.51766331539224,-19.832802777737495,-39.5516204459798,19.206029793676198
120,-5.5342908382360445,22.57241585928989,-38.15917395364265,16.06556401064405
121,7.794347364258593,-26.1276160449278,-17.835383801453126,33.34171094057785
122,8.192816171046683,6.190847597445581,-24.470579327942517,22.732893574088404
123,1.8354546223285988,3.3201822664127256,-1.641317234539228,-6.864534513889093
124,-14.626178890475646,19.21060171619874,10.110868409532973,-32.6159770336713
125,-21.668219063908698,7.627834532449423,-11.922665537288877,43.52534932731707
126,-3.757469129573697,2.760111041847667,19.256570673739752,-18.63169915599463
127,-0.8795769875638682,12.998164079535787,-14.918931553681231,17.175117346420688
128,-21.25985270809605,-1.537927168664214,-46.52453588981558,6.0749643160165645
129,-5.513189618935093,4.015746489147524,9.767399454010453,-11.391894624086245
130,-1.3541007301711963,2.896818921866256,16.80832617654118,-23.422971761790013
131,-5.785209908739696,-2.360925743315031,2.265082051816032,-2.4915817994083573
132,-0.9824096637629749,5.644007026632588,8.070744250933059,-27.768843790397312
133,-17.556927803673403,1.825172074347993,11.938563952106913,-10.264057354986125
134,4.424738499845533,14.889078772073493,-23.362576384241677,5.510917088561226
135,1.1176055975931538,-4.222441842747049,-4.812262815607452,-11.443135775468164
136,-8.04114401585571,10.653248282016477,5.877798180812517,-5.873274138889092
137,0.370749022321001,-11.091976319999457,14.071054557060771,-9.184280828094003
138,-21.70208542379996,8.172214299445777,-10.035254412201715,35.2749183656575
139,-17.366230833380012,-0.2456589893963539,-8.98363366383367,23.613778376548503
140,14.559137281383155,-4.614151469884565,-20.809391731862043,12.356612703776737
141,-4.013899989120605,-14.441720738947499,-15.523895941735278,23.241271045592736
142,-3.7903599770280563,1.133642559115735,-15.705336588370315,36.76459377466241
143,8.623057899100996,-0.9406929048065571,6.108673097585038,-10.363403915241449
144,8.628902834010145,-3.0642104072650476,32.08093342356946,-5.051778453423416
145,-12.10219307351835,14.99329369621596,-2.7726546490989055,-37.351194762816284
146,0.9316179133320732,-1.3515183332243161,8.783656108576258,-5.76661981783442
147,-2.7507700700794393,-30.012818982592215,-17.333666203426176,28.391313966040887
148,10.203710868637067,29.070680907027754,-4.083695018005059,33.688375710601996
149,10.176142650050839,17.329045159565194,-25.97404130734992,4.119735422970916
150,12.142432418707973,22.67442211176695,-31.742614563326782,18.853347648452992
151,22.250844467128722,16.38052288617601,-12.239972290008767,38.47327282656366
152,9.876673932151775,18.56522600668969,-30.41100770518767,24.145645969146496
153,-15.13742333053042,4.927513301591381,-18.153636081730056,27.947498000909327
154,2.666021644638607,1.0789870222812787,-5.72134220392123,-1.8114439697519018
155,10.846384617716708,-15.553743255173007,-9.498282018689943,41.789613444297466
156,-4.372934362082776,6.681209614147626,4.669265729001539,-31.08075854497368
157,-35.044028353109745,-25.858698284333723,-47.87876515032505,10.283302066975931
158,0.09402100978534816,19.537158677549535,-10.000240712833216,10.153877334107893
159,5.527702879671689,-11.232782882149996,2.4246330534472396,26.680217725039462
160,-5.2864777177575615,-16.51059212560544,29.456460721734217,-11.965052753515288
161,-10.745844030233481,-3.237322108476537,8.316489254262224,-21.909492623784544
162,11.737679214913134,5.66248082154101,-8.417578098015062,16.952149176880592
163,3.096316899880857,-0.07618374862964217,0.05095695702169145,-5.582678443054383
164,-8.089444592195456,-18.881850015456187,-28.195117302811965,24.582498232714432
165,-14.236935967559244,-5.813840672420444,13.6863796710506,-7.65427824740486
166,-5.680239155465141,-2.0218964242005235,8.235671712462137,-29.93898183621518
167,14.339259676928469,-7.685031074360854,17.528926626052183,-21.23810249907441
168,8.160827516117395,-31.606458002465267,-4.237831741615562,47.47743469497597
169,16.299173472725123,6.432346236484413,26.874532533787537,-9.396808246694553
170,3.002164974445189,17.582170518597533,-20.51113511489539,16.153409120284085
171,28.49852700443058,11.56603346875995,-28.957368114974642,27.272931850291453
172,-7.660480844132024,-19.079224794600123,21.99452626335568,-4.658711327197277
173,3.7186924947878017,-18.02487760535746,-28.138362300396416,23.451856552923086
174,23.621101004268287,-3.1107917405176746,7.309030387092534,-25.263156516348268
175,-22.11066910816695,-1.274827029809087,-35.442446081528296,15.958864838100663
176,20.70810672449822,-5.191071407481186,31.24891495585718,-2.465771045242845
177,10.068417578611367,23.443704102644038,-7.679451318221487,31.656572291376367
178,3.883668505400566,14.123384244124871,-19.700802450014002,4.101187817945797
179,-17.076182012032163,-3.433826883422511,-20.43442365208233,31.309699031756924
180,-7.74191193138986,-3.256397969494678,8.182972890000975,-13.779132328535901
181,-16.360338569209073,-21.86058929888241,-6.17376142584194,40.94219912421516
182,5.440795941929568,-28.832303243738,-10.050408360906419,42.88347578713063
183,-5.207723227170766,10.621145495005994,-3.6814677790776393,-22.181515376203777
184,12.732147053770875,7.875809565648883,32.68549841384531,-1.9670531712681865
185,2.8223149528398475,-0.9662434494684433,-48.4590485225316,8.856040507469888
186,21.87059681062029,5.364675914939827,18.40220157757519,-17.42420625278377
187,3.122179840228392,3.6612934000502815,11.749350749454107,-4.283019741402154
188,-3.0659718273492294,-0.32717542847806413,-6.451559719585648,21.940849167214804
189,-20.155988885170387,15.1938651019452,-55.64779356050049,3.1490690495359113
190,11.012156589923563,16.956838978225708,-15.240593191539691,38.96654462858959
191,-33.87779944838135,7.975215905038699,-29.96653112780225,13.98021243251809
192,-19.29479318563132,14.001750565866999,6.239093871885672,-29.896088329642954
193,-15.070775381362974,11.152192873264966,10.398491274620115,-31.466234285282727
194,0.5438230898600738,5.873239492718351,0.09784971157440658,-20.61647181140928
195,2.147067695349919,-2.369502893550628,13.597001873396676,-11.726472269245452
196,7.431637270942228,3.250229080228376,-20.825723805236827,11.754394595698887
197,-1.8737909039564675,9.916250161800262,2.97596176174004,-1.9265506668307382
198,4.209360015583333,-4.635339016591477,8.044123809865317,-6.062647390312978
199,-25.947017079639224,3.1422246651824537,-20.91275533602746,26.36030060760589
200,-1.042490245523502,7.971155699570605,14.188452479935828,-11.892614854438143
201,9.558521949490066,-1.1978396408901002,-24.017056131508994,27.775660675787847
202,-13.866208191164759,1.1966098944824672,14.143388547101155,-29.266721270370564
203,4.74914367515592,-13.872991872661313,-11.69730654887047,14.631521013473044
204,12.669574165936535,5.8274429211768695,20.71415683478876,-16.546935154651436
205,-4.454357914638352,17.390157674585502,4.629957076507944,-26.471545631832445
206,-1.47045409583838,4.122146573499602,3.272535346514081,0.48795061151445007
207,-3.547264386775029,4.994767429104282,15.436946076466976,-9.582961082656103
208,-5.1236354235061965,6.620346798199954,13.32158146380245,-13.083005416797533
209,-2.392537251619692,20.48646180760363,14.885410355154784,-14.335588154735705
210,3.621055763300425,0.8876793995157328,-6.570469333885553,15.49377184023881
211,15.982725517069923,16.318299879955145,-25.614808881476783,27.058577995862585
212,-36.405993938354506,-24.222603845094273,-35.13231673738642,22.330731517404672
213,3.195367951135073,-15.867118515338923,2.786998528288473,-36.61137472631114
214,-5.949372239309501,0.2021706064472255,3.510419206458698,16.015368034752452
215,13.437849650356195,-40.650676395244815,-29.018078041795995,27.047188184021085
216,-11.84133108518807,-0.17491029730088314,-20.46644826743158,27.026725164762727
217,18.395621472537673,17.701240558180963,-18.71586087281246,29.278606352744855
218,-3.3592413007581667,-0.3877740587018703,22.71071474185343,15.33749747864131
219,1.105340219510759,-0.01625131446926531,5.50001175480452,-9.149582415545854
220,21.19774872598509,-5.676566522214308,23.57563181433553,-16.07143015992698
221,-4.8884572927429355,-14.072494419585535,14.798421408863225,-26.536622939401237
222,24.986921522042774,-13.315571332824906,7.176213047165094,-33.508036084023544
223,4.305835021211366,-2.655628241895796,14.390295541520297,-28.908388595961835
224,5.422382323536419,3.350437985188293,1.6985724235817745,-19.319747969051605
225,8.59251778165022,11.82508120554272,-19.675319993590698,8.274701629457187
226,-12.934683151039836,12.252462746030421,-58.655663999864004,-14.478329216722006
227,-5.476765479866017,-10.306337539910615,-24.343926494937108,5.448968689121096
228,-8.165582500782211,7.4513985053944225,24.60277840098923,-10.719164518550382
229,-11.258634588304764,13.793393231950127,5.63167619348747,54.80127381428231
230,6.865137891488168,8.620300457498534,-7.596395742153147,26.25616705674431
231,4.822938197034095,8.778978975855498,28.30203544116638,-7.150327197787331
232,-7.134246409360332,-25.777713858146818,-18.131189214468804,36.5130178104901
233,12.44380814766973,8.599435575283323,-48.09843647860669,5.628697561884132
234,-10.978858782951228,0.9767629645902947,10.388959095627563,-18.39397807526295
235,7.780481790813991,-0.7588176591467359,-3.5235168845017117,10.588900633834417
236,-5.565834069055639,-3.955755873207025,10.173966448529557,-7.067693821505837
237,-1.9607739716174928,-3.288462433782943,-7.441282512219269,27.621229075194254
238,-17.86309361550879,25.36829099265921,-44.24861487800653,13.100163760216656
239,-1.6710233672901547,-32.639995420830864,-34.21214302930574,9.905252892091852
240,-0.3736701743211724,0.9880460460705311,-1.8538510744033676,-6.072053913798402
241,8.172692479115309,15.989364571861547,-5.447968780079256,-7.680509212927528
242,20.581830947052268,-16.879021398559445,14.025897427140633,-26.64374244153729
243,-14.097321421968939,10.290311772688959,-43.84497547918123,11.4116539973542
244,3.408946851377295,15.947390795910373,2.7357169219834763,-24.26926179555089
245,-9.450053077139792,9.338042450635164,12.343267310621924,-14.535100214351939
246,-7.07811710523385,1.5143631489108955,1.6183357370062375,-39.40063875696371
247,-0.8400662115135065,-8.953221627833251,-0.6064755972679006,-18.358562363458525
248,3.9511753813487216,2.312333158374866,-6.531431126402728,-1.677399340937437
249,7.678310290041694,4.508435233459959,4.242783052017677,38.78436455952591
250,7.989806864583998,4.862621491866459,22.54220275641054,-13.826203212311828
251,-15.469820054316559,13.10193257292929,-27.641720540779943,24.822111598746925
252,15.403451047012158,17.006685487953977,-28.617555240282456,26.180860440094815
253,-15.65937317850204,8.056855213979269,-15.417380841506516,33.16168620989787
254,-28.222779897525584,-20.72420269875393,-14.212976772617273,44.823875560905165
255,9.406149997887612,7.834724958785582,-31.925261791044775,5.323369287256063
256,20.97831206197446,-4.865385944342968,-39.03197276831902,0.04000017244026277
257,-2.0959020429995467,7.424284032676962,2.2274736340200203,-6.540645775937979
258,-13.736345373819594,24.84671089250966,-18.234834055721343,41.15355086186424
259,3.3298645747221984,8.737586108001786,8.562196618426098,52.42357986482461
260,-1.3112637270025909,8.658940415297247,17.8124413093457,-2.582534455709495
261,13.932170734088395,5.77510380153293,6.115481823283114,-12.573174355617802
262,-4.573933713946611,-10.170743635052307,10.778090886509718,-5.408159507739561
263,-13.379674100273178,-4.753556264917883,4.283154798933394,45.66780364751646
264,1.2206327796336192,5.677715700431605,12.06404636352286,-4.674572555553531
265,-0.8616567936209263,1.9076162108826118,12.748646041133414,-5.896542723568133
266,-1.959659615266621,-17.389039953047657,26.148123678943236,-16.71096261215189
267,10.618504051804125,26.18353900634278,-29.070868985099438,20.921843252922418
268,12.934087027869658,11.126925788920207,-23.818213210296996,10.985711105166644
269,7.656849876773234,20.05440031841868,8.337196618293413,-23.928724941806564
270,16.28169993711566,15.229072405225626,-13.492811629027008,13.56419782060032
271,1.826505969767335,-13.024521039307878,13.146548331175213,-26.30377235784167
272,-10.326397079817488,-9.408645217152472,12.279539595769128,-18.671005723664063
273,4.4384339353461435,-2.0287982087420424,8.174338313755992,62.14438765225646
274,-12.231432416684523,1.204841959930988,-6.410855868239578,25.275487654213826
275,-0.8468416930561125,-14.62877385225829,4.309269835877716,-8.197986670036762
276,-18.355375765483394,5.083034530878621,-14.00502474004937,18.61678573173506
277,-7.210017166098123,-0.588295407213117,-1.4847129485258979,-36.28538557743889
278,-31.847708942542642,8.296086577725449,-37.601860374680776,18.647297135783187
279,11.43846512515264,16.112832366644557,-11.582566914698527,27.514466538868454
280,-12.952685428367996,23.568864076379757,-42.90925018595531,1.1437640277240184
281,1.4681819150285742,-30.597595857565164,37.441892419622064,-4.045897749876622
282,7.52283972772297,-10.717922239144336,-48.47340790783845,-5.216047063014375
283,-28.616427585415476,-0.07296047176189191,-21.68667043987019,30.159514025613827
284,17.540074085110472,-2.8763658843865327,24.276719636677292,-12.437067046582014
285,-4.008913912612587,0.7219645644191033,-11.684382392716044,-7.101874833763371
286,13.43960083810763,31.87955588304067,-15.6982349733261,21.44914530070803
287,-3.0437968280231287,-10.025168158601582,16.086960581043684,-19.921762322127616
288,9.061855248430215,6.059698301335038,-39.88480025302119,15.972658931397259
289,-1.7134118402486846,3.351278156125076,-26.504773774359016,22.552982784448133
290,-30.283319248464178,13.221569591649605,-48.52881046905994,-4.538548852483337
291,-11.435607874200942,-6.632956956744538,-20.04006031030628,28.061227951796507
292,-4.707049601712472,13.357201194289221,19.898599187368667,-11.059468002953256
293,-5.848467964131339,-12.758263006553324,18.227943723447638,-2.739915449667982
294,-31.53984877835907,-21.772930148417238,-25.331233980558203,35.93268148993991
295,-1.9728182734352062,-28.583297338814216,33.407683394090995,-9.896827787921069
296,-10.49014894772592,-11.909514420713442,-43.11392669296218,9.84364050505592
297,-10.355769371668615,-17.181279262751595,32.455657197327675,-4.276155384613127
298,16.552609058891218,-8.092908458778943,24.131594864571568,-15.315464542786115
299,-8.599299366516368,-5.517916595355091,18.547011704252945,-11.376409290109452
300,-4.1129640788589255,-3.8896551924972886,-2.9462443868928485,-12.407438257786907
301,8.841833033027207,6.220779026420033,-13.807770594801305,38.97314878488967
302,27.484369383587374,-24.617562925449537,4.198105577023079,49.78406519335503
303,-12.681039979831986,9.093340034570874,22.24206109019221,-9.323594431415163
304,2.749718201706668,22.936073015174905,-24.516826465637713,28.22275790620488
305,-2.1360425287947917,9.869835636109226,5.800790269880023,-6.894977301311454
306,-1.5102641266318129,9.175261809908026,-25.473534199597132,-10.138191967625213
307,12.861112249696241,-9.183006862322873,15.403953517984695,-12.553372281774763
308,-10.110063398638733,-7.5027310907846285,18.876979074007423,-5.158615243409163
309,-29.54813996891834,-21.58549858262648,-47.92121224052385,6.587019243916903
310,-14.195106883727025,1.7401506352797256,-8.041741506358749,30.070370567668252
311,15.986320253469291,-26.499012320393007,-4.581279399717507,46.85553562919308
312,10.81637558221368,2.271903033705737,10.806719524787672,-1.721768787380902
313,-7.33161233741938,0.560258140751758,14.357543106465899,-25.149128467400054
314,-27.473733630508534,13.24935425453377,-52.61313357050426,7.431887131118168
315,3.5067160869023892,-9.526870045346644,-11.624592436911668,21.369484458214085
316,-0.7509197153526186,4.118894987049922,-2.0540351152665277,-5.481545356364896
317,-11.610670998288207,-6.990472254506631,-15.40139682763545,22.416308882014928
318,-15.921972928910725,15.623608950144899,18.115499211888668,-23.470657209432897
319,7.2886614573458255,-11.999286349202489,2.1436374311742856,45.62791694831945
320,7.146645519460255,-6.908936333685636,14.848470445318119,-12.570922636468884
321,1.0579994701384097,7.7096596037668235,12.181787432202675,-12.942803586925923
322,5.511765842226951,-5.606971696451382,-12.671047874597852,-23.306372350017092
323,-16.072163269950508,-4.6733850489072015,6.380143543137438,-25.296881673666544
324,-6.151447661980426,-1.972911267726161,-10.243085314917737,25.57789268993334
325,16.636395106996115,12.347562921093438,-16.509738814717217,13.564236672890434
326,2.419517049648509,7.903498701166296,2.7285832310786535,-1.9594252775737477
327,-22.113555489985306,3.1772211396261847,-22.605216529887677,30.151390138401215
328,5.089193959471328,-27.94179392639357,-5.442574703006967,47.484599451376674
329,5.913139101062481,-8.384764148709593,5.382453643989811,4.29621365902099
330,-8.843794240534425,12.739529105430709,3.7540162989118837,-16.013301250401067
331,-7.190208115831678,13.674162794172904,13.249601638914962,-18.384824507954196
332,-4.850067614806006,12.170891199733237,-1.0119378939448413,18.054275162786194
333,15.230308275952485,5.951007423659309,21.510921431396547,-13.213231852147155
334,15.39921637638563,-9.371716989386446,14.836403351950429,-20.274576429497706
335,1.0174042994125392,7.180340180877192,2.1817097097534575,-3.6283635350464563
336,-16.92616756926772,13.656350147760126,14.827585304255718,-21.257744420889015
337,0.11619034150075208,4.039790020883816,-21.19937383535833,15.726675028423106
338,20.759591325557185,10.366369552919132,-16.20318225637939,27.87657244886444
339,-3.2382030204106256,-5.394013765656339,4.258145441507166,-0.2727568012255539
340,-2.2601322262773413,-5.9759727768316875,8.312116425875134,-21.869205215197272
341,-6.487969311927237,-2.119496686588896,15.704706980746964,-26.88683797800117
342,-5.366156813673874,-0.17822674057891774,-5.272609762730015,-11.376360411443816
343,7.95251417165582,9.42481029406223,-13.240289383908793,17.162100425378533
344,2.2388021847826716,-5.959715144935716,-14.140465025356006,18.79477159446706
345,-7.286915431030152,-3.706315574112301,-18.645552418161913,26.324807617571327
346,-13.581281468259355,-0.9699038699884497,-12.003534148109368,26.84545447436387
347,-2.815913111392539,5.951838855257634,-4.818171076156938,-18.937271190928126
348,-0.9700243815537171,25.88229594945655,-22.94236132248526,22.892546020169828
349,8.46031475799496,5.742048553057991,-13.489170620013818,22.432824360210997
350,-11.732606202668705,18.620031404174018,-43.721393401332676,-3.6553372288022024
351,7.719216072409945,10.261983762613507,-12.036683546036441,12.508399946838725
352,-29.80687924421181,8.111899968173887,-28.18251769953615,28.92860100086506
353,-7.365748222021021,6.391565283209616,1.2187790434847354,-9.68760814418044
354,10.116211729780016,-2.7774444999433126,14.944869691485076,-11.341106008228216
355,24.72276708007855,0.1823551200236473,19.06073931845119,-17.374565607310156
356,15.876973036764612,11.463504984617114,-6.599153478495662,36.96843544034252
357,0.3030956932454573,9.822520642599798,-32.229107242331985,14.698142728948941
358,5.2457749213883345,8.581232195802283,24.99265327458108,-12.278022763386959
359,1.2485964530918894,-1.1514893607883145,19.086265503713797,-4.967060187399393
360,-7.7571415306116185,-0.8526184022851311,13.253496409096973,-8.475285902085204
361,-3.3785410755181084,-30.636878080244752,-9.51670824122233,44.11969021436915
362,-6.349842742684017,-2.749492230753436,-14.41567700744339,8.553626035151343
363,9.898851020373698,-40.172213628638204,-33.78872883731178,23.08780680880351
364,2.797248812490513,-18.62997481397101,-36.87341354232291,4.699196876783703
365,-20.002681219603662,14.449429917747867,-8.662476242904907,37.68550906343107
366,-1.106554171323853,8.71556327824438,22.097057993429836,-0.9419649103621197
367,10.257694273482906,-28.52957753733746,-19.16722081185462,38.31806245799604
368,-8.326830074736808,-0.15145424320358458,19.293788636508438,-6.622008255565061
369,-7.2199320945667536,18.460252079092378,26.17392860130247,-4.701498845326923
370,8.53959510341677,-4.933180590509544,3.979829518839038,-2.287122974161913
371,-2.0531637051768126,-23.389258612932036,-11.349843112530962,39.32513588028161
372,3.258157266086376,4.263074379064339,6.677960988790014,-16.274196346650744
373,-2.196116742264098,-9.940095997676467,10.772515445383569,-6.870514342466435
374,-17.883756026972936,8.947460053902368,-19.83623285393424,-0.353269311968446
375,15.845902672948053,-12.458925102588722,18.290692819972314,-9.971475019864954
376,-13.725230023453804,1.254549551139812,27.592681335948264,-11.043719012459999
377,15.651766726050887,-15.93048625976118,-32.26652725845063,6.96937090955653
378,16.291171465438783,2.785416006598508,23.42199102397302,-14.618043177419818
379,-2.0000896004573923,-6.732288446617467,-32.11429132543263,-4.226400286401783
380,2.039787769765476,6.206655592988291,-2.88274139282135,22.822930394785647
381,-2.0514136300021866,-23.45488366502722,-21.868240000683492,19.761642818390147
382,23.486443666559413,3.0024619090906555,22.713892920844593,-13.649104240221096
383,1.7413960670756792,1.3980619036282942,9.560617888623186,-6.007636338692438
384,18.114633919803882,-10.147887816983468,1.8481430491136788,-37.51212716679292
385,-18.873895700644695,-7.899451724660623,-43.20765213472164,9.682450341667
386,-3.730993082215888,-0.7255612632379709,-4.210393333930918,-14.564264485106117
387,-8.07141142720549,14.749760008805303,-3.193938881362227,20.738311905595964
388,-33.013750461975164,-22.716303943599417,-24.830486654173853,34.965155568765084
389,-13.520682974746595,6.104587738238088,11.701356337711418,-19.147330948979114
390,1.792766868982551,15.20132274874247,20.74181342897593,-3.490101236199332
391,-15.513770009434017,-13.4491309507162,19.065075647437084,-5.2446791127477015
392,-23.631129008197547,-6.4075625647253815,-43.014865340864866,16.539454875723553
393,8.549441353337034,-23.414525463555,-28.028396142972625,23.081331802054034
394,-2.725423581184268,11.046541136908104,-19.67761736327246,32.67100222161489
395,10.205554029530346,11.34872775683523,-32.24037285004961,21.430343511317357
396,13.931140010926516,-20.431487915606144,0.457384264872589,45.136996549435395
397,24.48828489927827,-17.14466894579682,-1.4274105277970772,-42.728752205483325
398,11.75847736814151,1.8576273545704165,13.706002850986918,-17.62620117634953
399,11.830745926212117,18.772191222316213,-7.468651924373491,43.09668155998536
400,24.658613302758287,-36.549751657222274,-7.646453334121995,46.64272346520677
401,-16.85560751541429,16.015400462470406,-9.532671028418884,34.735761134199954
402,29.713604468507352,-17.89969346215391,-39.52811368536722,17.943089565201614
403,-1.1386900499365025,-7.256303432595731,-19.868015744246527,26.23032595344007
404,-4.267474367737102,-13.109680260450347,14.854428045496986,-6.346654144798053
405,-9.409193625021835,-18.812176707577393,31.764535598264644,-8.755194883738248
406,-3.4395416950530935,16.07889913129603,4.106872287109015,-27.694143923676084
407,2.8239140000623904,4.902369307365712,23.116545512428836,7.0621618041017085
408,3.815474948141543,-0.11823069536320752,11.282902507861897,2.6148028654725026
409,-10.603806433417748,5.429039705576811,24.68580402962204,-9.822163221454396
410,-27.78163734759549,3.3725084419781037,-41.85030388884269,12.670086220026423
411,14.514336724112674,10.459769753820666,-33.764440483606556,8.417119617611649
412,-0.9694100549389466,-16.55827031723399,0.16398653153586018,29.743338648188036
413,-10.045118516931915,18.776498820181384,7.9533557765807466,-20.759980807697378
414,-2.8666354236062466,5.498417466506204,5.511734010683286,-7.4186938303558305
415,-24.38798989507482,-4.018720475131985,-24.360053398777282,15.301203853191407
416,-0.9259004089790581,-7.885780794381077,23.644130206321492,58.41540530569813
417,-7.823115552666661,13.465489599831248,-47.446718367687765,11.982688060001413
418,0.20518076785565403,8.456372124690652,-5.269605953192089,-8.420506583720822
419,6.602670818081351,-33.86121393721683,0.2478725844307874,52.14222109455812
420,1.8169696787287561,-9.338051857541132,10.944973941718048,-11.10665006305773
421,15.760449816171517,-24.414113087571327,-14.557206144627024,34.40343103881147
422,-9.239093857771248,7.820936113094692,-5.216791785954003,3.9330573042036656
423,-0.5902754898620115,-0.5325999675058775,-1.2408245754602323,5.132755747976703
424,-10.368892725692223,-19.093717999379578,-22.73262833763932,38.076058973405196
425,-6.919168399623859,-4.360722217303463,23.871901978559038,-6.025011211148684
426,-7.013100163290477,-1.0094487931600256,21.124165545618474,-18.832366573142007
427,-18.82146097460291,-16.02439889721802,43.38852070910727,0.11724508882486862
428,-17.808392857898202,7.274588256250709,-26.47725155658624,6.468140803069194
429,-13.301957665154,-12.908828887099856,22.475706476512457,-0.9655970649962005
430,16.841456976517897,-1.543173367944826,10.203208024487001,-19.401461736256405
431,14.441851948006047,-7.967952137915791,-28.917558846413733,26.832322812625897
432,-0.6563573602202508,22.40093130828334,-6.114364568828487,39.43377432491899
433,-25.624013581680924,-2.351768944752383,-8.563365618598104,51.56823664717446
434,-2.8983857561814768,-4.417181075226562,10.397794177023064,44.75742108448397
435,8.862981149564355,-10.57593588782326,1.877045528858206,28.92298953730649
436,1.225313733283417,1.7197311934435966,14.637430891649226,-16.789995198810484
437,6.054390621036924,-8.818276818144206,-1.122610776924807,-40.287997131443355
438,-3.859431292661525,9.135113785810454,20.705832956329125,-6.405476119130866
439,23.709827933521893,-6.9794837861687,3.2193208897903833,-37.39674781739878
440,2.5519463652978702,-10.231897517096495,-8.56864401954053,28.23356194299737
441,-2.9836642148276225,-4.5095378931585905,-17.283829173271982,22.685398271850623
442,-1.9423578251082096,17.529178255271557,22.866741179996637,0.38719013164982097
443,6.016478653791494,-20.51109094419483,-16.511118363534607,24.442948490534807
444,-8.538183436300724,-3.5393223361404633,18.07539968467902,-21.106820181068237
445,17.504905814306383,-17.57967614899823,15.329159856632112,-26.28808417822734
446,-8.786583635863476,-13.198865511770027,-18.866015728258397,16.672122954069746
447,4.1249673177208885,37.152113743760324,-41.27161657789547,2.4693257785331264
448,6.436675452857306,-10.327527345422068,-13.56974313427513,40.17275757114114
449,-3.1140145122136174,7.432971672723205,-25.16566511483989,2.4810479033932653
450,-15.962979163477215,-0.21364788512430444,-17.1721683921373,33.88730600666284
451,-15.678857685968609,-3.934443255274905,-18.13377197688404,31.404373332684077
452,-1.7586580530963465,12.17907249222668,8.80164812143589,-1.2906077005312924
453,15.260083982357425,14.57235149909361,-2.770358784204868,35.73121331402547
454,-2.496730336987695,-1.0883351765888172,5.175373656609404,29.579487691628778
455,12.320236077180873,-3.3762236111466297,3.542680241182465,-35.63460949929392
456,1.7962280411828226,-21.62523944932685,-37.82173030858201,5.103152544778706
457,-2.8501990885974093,-0.9221533610307695,-16.486641783003392,-9.088596440492806
458,-8.64397475586658,-10.225944902418634,15.296632325897447,-26.105186450329356
459,11.603914598202245,12.07144299812181,-31.45662341232469,10.415554919017133
460,-0.24408585337011873,20.520985002953978,-33.30118669374403,-4.050648399722777
461,6.222939818039252,14.057128401296499,14.030370095630373,-19.303101164000157
462,15.478632299845357,9.054061099465894,26.371245591178308,-9.260853383257793
463,-21.211773874492863,9.7855533524546,-8.513162350719758,37.38010566701998
464,10.738912809248838,-4.24554788175281,6.9372211828932215,54.544361410921276
465,-4.156574002134824,13.693313719483232,-2.100638018525869,41.749485834318676
466,6.835146008757698,16.98853146564176,-12.43783932278526,25.915810745938444
467,-2.0088191205275363,-10.182381328305016,7.0879125525081665,28.542981986178432
468,-19.66596549448951,10.433609722989976,-34.961756023728846,15.320737393714978
469,-9.983753827666401,-15.372265145819744,19.53635897469301,-18.393476667926837
470,-3.6474507031084036,-3.753790607539024,3.607132922465482,-13.85762242879915
471,-19.91604867070734,-9.607295108695475,-39.7409739455297,16.513265186872008
472,1.1955788577536355,17.20025941386325,9.02599372121455,-20.776800489099074
473,-46.841105346068105,15.461200555246478,-28.696977562187406,33.1516369788315
474,-14.049544584504416,-1.2743922991580554,25.868752542233466,-12.505913993099739
475,8.445715400846423,-9.70806666477765,-22.48287084906203,30.859001068471688
476,11.518269903992655,-26.458923528753544,35.76128995673061,-8.058318946476842
477,8.738420014613705,2.0276058161927857,-7.941384869285754,23.48843662456599
478,-10.416273548752116,3.931067959285521,12.61965122108768,-17.908012937030716
479,0.7218082921597917,3.8035593416675155,-15.91805594164124,17.52722376878552
480,11.232881322923227,8.765008349338725,-18.38192634812779,31.28370432148792
481,2.606849181473854,1.2121278959537207,-9.970741544537914,30.48221546026637
482,-6.952933598463537,11.260562033371258,2.786716845611478,-31.280929411982108
483,-3.4302898599817313,0.41961203077196174,1.531609417153577,-12.487279878849481
484,-0.8876040888491028,-3.6566744994167983,17.38757245076981,-15.683059687005926
485,9.841382537993413,25.417839012900224,-42.48732404844681,16.682541511440974
486,-21.636474674323235,18.27352856136814,-48.54228385243463,13.196983747784389
487,9.8407936156955,24.207718047161585,-22.57366822102977,34.001476562515606
488,-20.75445860378167,-11.619876513909965,3.5955801635319826,63.09815444982747
489,12.082010358746349,-15.311420974186285,-3.6301208146948927,33.89250787206907
490,3.630564250733074,-5.824279737799188,-4.811003857748579,24.406965082298864
491,-1.665990953504818,5.494359227101713,11.20599966544319,-34.20107779821659
492,-17.16741736952498,7.350399325289537,-36.488480347388624,3.366092436328583
493,0.04411094619583705,-0.5504483208640512,3.877565540848458,-29.010225712275066
494,-10.795447300989991,12.360468606757252,-28.926637808606905,20.6287362479784
495,18.73067869701472,-7.572877809566075,30.790670271174022,-7.475412656168111
496,-5.277208443235414,-4.233436701579537,11.200166913025976,4.077677970284005
497,0.4243129477347773,12.27026529084483,24.834270899698268,2.372105452914149
498,3.6372952685072812,4.845412206740368,-19.278094752360175,9.945358298076698
499,18.685268660522954,31.570962050633856,-18.014876531855755,39.036409033545645
500,-6.443322571358272,4.926556026898755,-20.58299700880226,15.94147266421992
501,24.156580000937787,15.064556844267617,-8.906607635990277,40.57420194367179
502,-8.37023182282208,-6.715441951969622,-12.212159159997327,37.77068398152841
503,-1.1837944426221467,-0.011224223988977045,-13.585432576192705,-7.971487493988399
504,-4.56023109484781,11.684833595912444,17.39623179557252,-11.143402239694971
505,14.733650828207875,-5.569649659908791,20.502067792833955,-20.053788914035703
506,0.7358431848713769,1.8482077117281612,-24.21482464812302,25.644698634042594
507,20.239486601494523,-3.9974051049380144,-17.946434811640124,32.25839740990309
508,-29.570016008149576,4.280086493763559,-27.08624626873973,31.877602183627037
509,15.281928627095535,16.428821167562607,-29.22954211016863,9.028106693696373
510,-9.493565298384208,-5.263561545096994,4.785505458550723,-29.875209898055612
511,13.921209543615026,20.091358409659726,-40.50952010989616,2.110663780727042
512,-1.6384956781648112,-4.283216021061737,-9.28944086255697,20.313404491149857
513,-32.97867603353166,10.155942219486764,-60.68463347172633,0.24436884913261347
514,-3.249589203942226,5.019423665506306,-0.03823512864885892,3.774563755181867
515,-8.476945112627744,-28.454045796920656,-28.283071991008313,17.043509336488437
516,7.201931239627059,-16.086799234766712,-10.856698342820208,12.090887366512877
517,-15.18062938080378,3.56672352119541,15.405167065652998,-25.549577586428008
518,6.765033207934537,-1.5229109077053717,-15.79018244238046,13.381095321952454
519,-4.971166185095794,17.824374673999234,-42.52033934445038,17.416747834592083
520,7.690511438754293,-25.75212843422808,-7.328291946646802,44.41357970753655
521,-0.12211193241636936,1.4186680083161356,10.452547019660337,-6.925615014731878
522,-10.36084579430905,-7.102227712872606,29.60869470417809,-1.7833355489057088
523,-17.693578640629237,9.670961131375336,-33.017606427289834,12.466258613887765
524,-25.318691029405063,-0.9902831678456039,6.3057093901606915,-34.69246428041361
525,-4.1779399893359574,-10.834346126845938,27.01991965065028,-14.933540323202239
526,-0.15478660197472843,9.196156990443889,-5.791209782260454,-10.567225481265279
527,-14.769500522660872,0.049026024789151634,-8.654858096866723,27.417169168154757
528,3.6551245252259177,-2.793133512011451,-10.545716249015932,35.34970134630297
529,-17.99823791992556,-6.893912686495824,14.821439487810709,-26.282806097795927
530,2.2476805179109762,-9.658638532671763,-0.146314786688178,25.242521226705744
531,-4.482551631040244,-1.8002012536241025,7.232975245275455,-13.940234318641727
532,16.75685474398904,0.5453086750366412,-35.24498722696725,3.335539857072182
533,-25.613007220568125,7.579779221518816,-12.258486423722255,9.020020053178342
534,-4.023782930769225,-3.851048282429069,-26.978794685175053,8.501019153075209
535,15.192597225327859,-8.405760480006489,-7.555256861053943,27.034170283189436
536,-0.8941383437242019,-0.25000743546909376,-4.950129000305017,-17.780584321644305
537,-2.963291249492591,-8.34828729995814,9.006845273238698,3.20107215116892
538,4.6670319013350205,-9.583594063351502,19.51794708058592,-20.62396060770296
539,0.4944637332450936,4.136495250651844,9.682444799171591,-24.08975102190753
540,-8.866757078612862,18.684302943119253,3.3510807306928214,-30.38227942510699
541,-19.66252714576833,1.5087186523490317,-15.107562049772051,18.526070172295878
542,22.696233493246936,2.6489678341539937,-40.39477059887591,10.939511731794065
543,4.419817834994196,-2.146330774430899,2.528513454131593,-9.84257675975881
544,-17.95375064635759,15.697673864882436,-26.547591095527885,14.393042220355728
545,-1.77771952520012,19.383013942263087,-34.34176071482618,13.178554997690199
546,17.274101747264993,9.292091689285886,4.162123996680505,-25.948628402862738
547,-14.510032446998942,18.47802253900731,3.0253547669140044,-34.16567950649408
548,21.665658791460622,-1.7816071242516394,12.091588734771197,-19.464814376901643
549,5.563253325487785,-6.316468389461566,-1.5319019514412968,27.9704697894414
550,-22.6484084640411,8.285837082220755,-16.9227247745388,8.230119723992402
551,-9.794897821004788,-3.8376066336990355,14.833475841966491,-26.800801691022837
552,-1.9915268147339864,9.788477505530373,-13.886098723993873,15.062231364025767
553,10.657204199551757,-3.648962648890338,16.784787882865174,-9.102018568297032
554,-14.160003816551635,-1.9323954876792886,-12.041159821064626,39.293152081544434
555,7.305235758067547,-26.317107890168206,-3.2706466227525315,49.95026438939828
556,-2.3179391965044287,13.190174874765251,-5.216138115960282,-6.883415452283205
557,21.723625858335133,9.734914837084894,0.20305883922832635,39.432242723863745
558,4.136275789663581,4.111035557726449,-6.9069759285237975,9.800277030031413
559,-5.168535453411288,4.328527826863773,-29.217025530366286,22.95001004359488
560,-1.9908771670013765,6.674465034845753,-0.20617606362760732,-17.21574404975842
561,-2.2588549774627102,7.615024933322374,-25.05551827957666,6.4116687966746015
562,22.532277040556107,6.485056954500767,-33.5888867576426,19.967441582160895
563,3.437648745878831,22.584415501233266,-53.82137081692891,-0.1660266806545707
564,-3.0758121757803165,10.592898991983414,12.384376028835044,-9.120223147797471
565,-9.035908921674253,5.252221439156273,-18.25119839209644,32.50481933519935
566,-26.387741074885128,-11.181705157503952,-20.745207570901194,38.28006362309629
567,-1.5005056145310567,8.76123421934562,2.5485811821586655,-15.069386638444968
568,7.619700679184763,3.3670174194963973,22.692978428290246,-14.102279169093773
569,-6.205143472480361,-1.0622530764966633,-24.065609584716533,-1.5409606816323518
570,-2.4514236688727484,9.809790861767588,7.355823701898528,-4.465016714096618
571,-22.077080905718148,-13.0004540733037,10.961976981370055,-28.10508801493989
572,3.9960709247808,-0.5998969771603946,11.221615344870836,-7.354177627668219
573,-6.440953387163607,-3.3768907448079055,7.3731852165370615,-26.469912024198425
574,12.719545718537622,-6.839946442393732,15.402178932742283,-16.413898729068567
575,-22.235328854364408,4.6429645086612705,-50.263913748392035,10.343170616375943
576,-8.462552535210275,5.565534776558085,2.3465527326262023,-10.847432926318582
577,-6.273408928721408,18.309823743054043,13.098409525434581,-21.547501667694426
578,4.190531908070359,-8.220958396446104,-7.080460963464754,23.86662986524595
579,-18.925784792083373,5.2231645347514934,27.164718069031615,-15.986312355923438
580,-1.5585611059484377,-6.55255889967934,16.674217234315144,-7.085425152126294
581,11.407108788938054,5.222063485465064,22.439482143737017,-14.263520440364463
582,-14.679539302714556,-10.909474200808754,-0.567517528944256,57.187084692516116
583,14.921564987883384,5.730512953899186,11.62011490941259,-17.005426427891074
584,4.806255316312506,2.7365026938162895,26.067348192990742,-11.672751589142464
585,-4.9101975171419445,6.360668455283207,3.9612472735771025,-2.6400923856674643
586,-8.271457514077458,33.22140833206589,-15.63633642007408,27.967383159281358
587,3.1917654611250574,2.059429657329815,0.007655117562844538,13.504397776234693
588,6.450115346503712,0.18427736273715034,8.703561484115125,-25.853890659863044
589,0.6588849608091989,5.253504592796599,-0.18508354303694396,-1.2937044484188498
590,12.770874664477027,-0.8674951184402921,-9.607604784261614,41.95907127863591
591,-0.700222610851724,4.446449598622248,-2.42861780855832,2.1797630459936217
592,-7.748322330529239,10.133539091117651,7.714429541620607,-12.486779096864701
593,-22.379138274845896,-6.4339899521725075,-33.666248866865764,17.707512715233467
594,-3.9134133658421737,-0.6476339166361669,-14.8611506078034,18.058776142831004
595,-0.848892163519845,13.415187682985469,14.758046325283233,-15.38870028501676
596,8.925112067638763,-32.88908663203057,-19.19986766660783,38.70300711949697
597,14.4282368799544,-5.467414075895951,-2.781470629898866,44.306241783404666
598,-8.713140523834852,3.1693073884177103,-2.956572091658769,22.33021577664342
599,-11.140915759634993,12.421439983495219,-2.6352739813192265,-38.461589605537554
600,6.980242101451629,-0.736686086447623,25.43302703991651,-4.6682740898962
601,-7.2153696571585,3.5870651212321256,-21.26018460085792,31.64215806899575
602,7.783331810037425,29.817009988514958,-39.20820303350192,8.85961559207595
603,-5.679840382481266,0.8286392771501916,-5.5635973089915165,21.239915460733027
604,3.879288852344474,0.4025081239490955,12.365458269350773,-5.480392737848532
605,10.884492560415334,2.378894507228779,15.80752111181169,-20.039201405102784
606,4.547200981625484,-1.64971179934299,13.979522771568108,3.92443647177386
607,-15.820699246752017,-12.549222500684156,43.198242437713965,-0.7415803443552218
608,-34.28687436251102,12.910877628790328,-40.1013081445464,20.645471721126636
609,-1.5362426414099515,14.691733991385174,-1.8636536438897355,-13.253642352439638
610,9.202181707182934,-11.81961707068879,-7.203973948832671,21.08738721800108
611,-5.041297961534599,-7.0194901134681835,10.07897473741077,-14.568805212927998
612,-4.81649752424278,5.4858618358422575,8.90925692695634,2.5514843241721694
613,-7.199670781568359,11.643774310056362,0.5881503242138049,-33.07577339009952
614,-24.11403355776682,13.25753738102571,-14.733706392157012,32.881722488726574
615,-2.8742739213186264,2.927559214090044,14.225109374856055,-27.4947405463243
616,-2.3449719593742584,9.603199694412442,10.664013033827187,-10.256687673726987
617,2.31358731322542,8.05215743605508,-0.7377285396213491,-3.70816176986322
618,3.8674589914974833,12.102171559621826,6.683045543145846,1.9505212789993933
619,2.3502021048000605,-1.184042235019536,4.674994159244607,15.459149593341746
620,7.673865138188278,-3.758401175562075,13.785103110755292,-25.663338114000393
621,-1.065279347093635,6.5034206330283375,11.274338850114875,14.9072901435451
622,6.072392947396573,-6.3786736477937716,12.632058958231886,-4.864652264172839
623,-9.471896754009933,7.249503888630251,0.11474441145879943,-31.11289712714621
624,0.4658748494736206,1.255350620638069,7.985587584976221,-22.971322616546356
625,-13.49890572849883,8.02241538298155,14.751207211464306,-12.00970730184817
626,-24.655941979272338,-14.999592722040731,-0.7031406124513389,59.77696341403267
627,17.317643512312948,-11.09774696573004,16.445001916404536,-24.88685256929419
628,-5.4016524304029305,15.425514213668674,-0.8778897431469357,-32.41580991563114
629,3.3559220675461274,6.659957126457231,16.153210613692707,-24.402085403539164
630,-3.25866292185978,6.925671425321841,17.1581939635292,-15.165149929831431
631,17.37175443692773,3.2162855835760507,28.050911272491255,-13.38137850255887
632,-6.591940141615111,-3.9168751976215717,-1.7346720946247078,-22.574919083296432
633,-9.176169186461347,5.883483562200496,0.630090320829586,3.483154068119018
634,22.427317837008683,-15.065371130973107,11.74466274086941,-29.09645832506274
635,-4.8193164075081425,14.793112081904049,5.828593190772768,61.41227071817705
636,6.555738337690554,-19.45181379280153,-5.97253869382949,-45.060243762595114
637,0.5584710240614816,-18.901135201406433,28.729625818184594,-13.602099297685548
638,1.4706706757557386,-10.996735402460168,-13.128485887173136,16.927393507551542
639,9.931953237321881,0.429191705627499,10.039063110690615,-6.01206920501192
640,11.854499040066262,-23.94648530001641,-11.716975344370029,22.637357505394792
641,9.85539170147647,7.927257584171862,21.296323263889505,-9.60928643373712
642,13.048609328991255,23.203721614844643,-17.725145695606415,37.7705913922343
643,5.581088134041589,-3.627693525098696,-22.197960284760335,27.12135554300502
644,-18.79927790790882,3.355181134064779,-17.561378857936184,16.307540060609305
645,-8.675332532353048,12.748899620928366,32.975517650653444,2.863573409174152
646,8.655745337145852,3.201584593077154,11.042523812846564,-7.1824611758359245
647,10.875872851213284,-14.795364239347073,18.41513856971948,-9.672492184158692
648,-9.3102984197122,1.2536981489985983,24.611545548613712,-11.125135825259097
649,5.053125467631877,4.084879895494414,15.097115222780603,-7.38426385972062
650,-7.7301116943879356,0.46741360276405075,10.516686647243974,3.736554325333466
651,6.697879363955274,15.239305916873231,22.42755435781929,-2.0869617890764323
652,9.412988911960738,10.34759256623364,-24.185689924980124,7.956297260727976
653,-13.777007787331597,13.141784259650386,6.212203959374888,-38.0251962873109
654,-11.393755145571095,-15.216091701718357,27.70857866545804,-1.325393350325798
655,-7.439316279149948,-10.679478340472823,-16.345850106462912,21.310485139201216
656,-7.723712414468326,-2.4066423305535984,23.683524294270256,-3.6807175929807547
657,-20.24185738232732,11.39004764021216,-20.96518218325646,25.380931838867472
658,-20.879274583682612,18.56031214767584,14.523106356775125,-25.4398449658384
659,-17.774587965086102,-3.271027044643078,-6.358413211839407,53.65767687746044
660,-1.1988575827050925,-12.869986153354422,-5.6305412061439295,26.687209600139965
661,2.173079227961723,-9.964314717749591,12.33789471760941,-8.227216906385648
662,-4.715972463623872,5.601255799583463,-3.181715934010027,7.112586656420864
663,32.959186185059835,-6.548408105373532,-3.1303854271271616,46.63926423306283
664,1.2101482933894792,7.854111593675338,11.10964641319385,50.77317745698311
665,-31.876440296465162,2.0996060878534504,-44.10709922865922,12.903839324003346
666,-1.9816647009681452,7.426513260639698,13.19018450245404,4.023333887850844
667,19.413329628463778,-14.29328940920284,1.3072434207440775,-42.624892664067566
668,-2.0365831688429266,-14.541101965771123,-2.9092747016558764,54.31565931467487
669,16.81569684091205,3.4840387348178474,-3.852464509984861,-30.875244416387062
670,17.834921477726475,-7.020483540092368,24.37448768448074,-15.240569611679621
671,3.742542728612327,-7.897435028845846,1.5322444284629366,37.82521385070009
672,-8.517447156401907,7.5352386414843195,22.23583658507146,-2.9754807455744112
673,-4.029507962365703,8.411312753423307,9.65325786620547,-30.008399574456412
674,0.517035762261048,-6.791142305610533,14.548828167908797,-29.3066723975995
675,-22.680829462745645,-4.169757690745433,7.590250623961749,-34.32525251495337
676,-18.768502070225633,-13.055086398279043,20.39368097608913,-4.306523539288393
677,-8.834498819200391,1.612459808601928,15.354664273485417,-26.87305937591287
678,-0.36632709106559164,15.414363844848335,23.517822673175083,-0.6295334660641239
679,-6.776499641729781,-6.035799177170571,3.5658636636976606,-14.334191996103872
680,15.563163141048463,-17.742373785920343,6.065576450021629,-33.8103732768909
681,-23.186830441146792,-7.422773918377105,-13.018041691728238,46.01704196118529
682,-21.33147325704273,-7.963998583912993,7.641546826493295,-11.239544290342987
683,-1.0695304800466454,-5.610368897958645,18.89345521069299,-21.50841116011085
684,10.451104072683489,-25.129013046706515,-6.701382045822816,44.00702813049843
685,-7.145713287870691,8.483471118723639,2.2639446359294286,-2.667005422137353
686,-1.4901517194302736,-28.727064103267306,-20.962065012844555,32.97662357564009
687,4.902846213682586,-24.513114057042333,-18.584774848701045,33.05066420044684
688,4.183338746111024,3.558942775330909,9.750298729467376,-10.223226238634208
689,-10.442324151097122,-6.304989553994957,21.5132170663872,-18.011320043070874
690,23.707166387556317,14.13668739672925,-6.41362211055497,32.79107139773813
691,0.6076575781433684,-9.329730508477722,6.424109895288366,-8.16431815434899
692,-1.9923128972879303,-9.354208228233938,7.310235912800561,-29.452225501513173
693,-16.490252350790662,4.0033233405182145,13.514203411144754,-18.95176316761553
694,6.422396196716545,-2.185573885543345,11.915164547660488,3.9470841034035855
695,16.802537827818302,0.737051829003228,9.643346100140624,54.575228578809494
696,-2.575578665749961,-20.126264656831157,8.88486473821071,-4.022173258916179
697,-31.595464366342366,-10.968111522674077,-49.037837237774696,10.424588709671765
698,-19.875326957627685,-6.368292202826979,-27.32536781372562,13.297929750131217
699,1.6407219139233442,-11.21163918634084,-24.223825260104782,4.24451734540061
700,-28.320743643461913,3.291097206580922,6.0708601885894495,-28.45932498051206
701,6.959447987452376,-3.394663339574876,-2.8376673497338576,34.93226480565729
702,-0.32375406803178125,-2.38917297441915,-2.655089101997495,5.569731170007352
703,-8.063343469239271,-9.400577441365137,-7.853831391204997,27.690085029687182
704,13.56243527166257,-4.280540175863035,-28.94354683839144,22.8475611554336
705,-8.616557890504357,-10.775284216243024,7.070180838612028,63.954733380987925
706,1.7455832762334795,2.548684580963659,6.649408783282476,-1.6759518303329355
707,-13.65246370095285,-4.574596324212198,-18.090830824504017,17.98936430742543
708,-12.900432622116075,15.146059280864911,-42.8111948099026,14.121980337734833
709,-14.81574959328222,18.704910317066368,18.320640715818833,-14.857315933033941
710,-0.2960276858111995,4.5230874115216295,25.643919359611445,-13.36300715463492
711,24.07194782714877,-17.10075395999693,16.149496132189213,-23.56644356399452
712,-14.750512488004517,10.883512442108337,6.434774011891571,-17.547994786604516
713,10.09165671455338,-23.091418859107183,-6.254614651930602,52.203472852357955
714,-5.520642377599509,-5.10461121658221,1.6732918131249352,-5.053535981971403
715,-14.157266295314683,-16.477743733473858,26.267037122123526,-10.208520755749415
716,-32.14693235513808,-13.898823407699313,-25.613049461848945,27.607663688948865
717,15.86955074474864,1.562061229025474,24.72035616816357,-12.9947761122757
718,-10.076937638932172,4.5378593366809525,21.91802594511612,-13.964873664599233
719,-17.40594631673436,-22.342622435250586,-14.29761674439318,45.455561201619425
720,-19.052750707305734,-11.07242777502213,18.203863889073304,-21.199277668992664
721,0.6596352624020669,4.492209778442996,15.919661520358519,-26.576787358656688
722,-4.150413978025347,7.186170019727129,3.2744905324047284,0.3998969129601633
723,3.916081990994372,28.58048104371066,-26.87440991599221,9.503095382081156
724,-3.880185169722311,0.1779231391015177,-3.058854247044886,-0.686856582247841
725,-6.369986985360831,0.43557586350407007,2.391428388355015,-41.72676424341588
726,8.754544397734387,4.962808323300559,-19.421449090781792,4.387132616275996
727,3.9156363829262917,13.902939056648979,2.033870018729276,47.47636231211009
728,22.874545721343363,5.05871809346781,13.077225571690482,-22.44562735049557
729,12.405555541623581,-17.654510646319558,-6.98263583522923,32.47336193363106
730,2.099701472653341,-7.865107089316094,-6.103225343527198,13.621234876410856
731,-10.172215811046495,11.226317781735961,16.01693138657781,-8.864265498752317
732,-6.588180768118614,-18.07700638181377,-9.382363858787015,50.69172722671292
733,-35.26363505488652,19.36979049463321,-26.731065219515422,31.11100559544521
734,33.386663258200436,-13.520922741675843,-20.233000359354214,35.22003796794243
735,12.085503904788213,11.855169548967432,-17.82507977068316,34.58755098715328
736,-29.301933836326626,1.8101683251740281,-22.74692887378042,35.50977697359213
737,-3.021841112766775,4.813604696140686,18.971514190056524,-7.0222883429970695
738,16.901697277140276,3.70249467678061,-40.94661807903309,16.024658565974416
739,11.286489831053334,12.785782546700045,-11.856656299752034,9.833083828016338
740,-12.673192678121165,-15.539556670837774,17.107135764624573,-22.458897004084786
741,-20.993702795175427,-22.918663688273657,-21.438591952007172,38.36369019591458
742,16.270118400662085,-24.525505478682863,-12.94499721940496,37.10746745927137
743,15.149587540736615,-13.434633236529896,-15.478882934544055,29.22162330094133
744,1.582427915508755,4.80485492262053,-23.18686483396867,21.988677430558067
745,0.3595156150991547,-16.046576052233505,13.022505060257176,-8.397938874041582
746,15.570800626218652,11.168008939169708,-9.883752821090322,39.49698212585387
747,-21.383160084329504,13.394010702372338,16.52381507552299,-17.48412701666247
748,7.464642595084087,-25.834505877269937,-29.008759354864118,25.527165340016413
749,2.495829009851481,1.839034661439829,-2.5844753829169402,-3.6957065627814663
750,20.153118463669106,-0.16208171625347134,24.340075303355214,-5.277252077879376
751,-24.138545608670004,2.4084409306365764,-45.596982701403036,9.218832455643833
752,2.133941072482643,14.055819502431884,22.62464941448812,-1.5786663596222532
753,-18.170697091162012,4.777104442790121,-25.225748323112008,24.734494504321045
754,-28.236732416848103,-20.901554088821655,-21.1772607047739,38.47173750368979
755,-26.91352655807607,-3.3899068533265924,-5.192954681066071,54.83048589991808
756,3.331074128037071,-2.7847603263923784,-13.200099746756733,-1.1924546938584897
757,-6.142796530795155,3.464429371883522,20.845132770997182,-14.330197749180194
758,-21.473357248272077,5.330154563973261,-22.04095118897329,25.1397039305879
759,-15.996272391050177,9.719265654596647,-25.494579750645002,12.275324109714063
760,-8.842734843626346,-9.44719566041944,0.912043718761284,-5.124338915521437
761,2.2610187143948943,-0.44860950803845334,13.344843858706257,-4.9420742653765215
762,-21.857415666902803,-7.16589616107294,28.21900717319852,-13.95703492767488
763,-9.399685314553738,-0.06047952043212668,6.5013008711281675,-12.550890138102087
764,-7.817091498877676,1.9881461016746336,-14.137649257653548,23.117733992658827
765,10.073088989045104,-9.652794663446027,-21.689356841996016,26.851682326373936
766,-1.8502235203443425,-0.81528860730198,19.383077083780606,-7.7905264751848575
767,-9.065822668938388,2.7697883455694203,9.038063693802536,-5.2060077830583955
768,-10.200092862209793,-3.3321516261088835,0.9667931689572686,16.56580168727239
769,8.714415673618578,12.958678101671808,-42.18029874054448,10.474324226951694
770,14.221910051545777,-14.39063149444224,15.425414971543278,-24.362373985405856
771,9.515642409477065,4.318804154168539,-4.226665950267501,11.495499966696233
772,-2.3485756633748887,-2.237872494278574,19.36470595283439,-21.971898364433375
773,-2.239619349642868,24.744361986942717,-25.663958594953762,11.562527392442977
774,4.217465633141479,0.37631861858467275,-13.79348529867825,3.949979946474593
775,-8.638174055070577,-7.3146519109244625,17.192848451828958,-24.31009971198382
776,7.172874137706763,-28.23512955829626,1.0014208398053999,53.5405141062566
777,-2.27624955662879,5.879019426879143,6.7952970192901265,-7.513664583957289
778,-35.90210971767244,5.665707594010865,-51.114080480651346,7.563011303831211
779,-2.4158186583023786,-5.017312751783127,8.407326695176225,28.46744161846858
780,10.859426654600504,11.293375496184588,-41.36470069552665,10.701866094449738
781,5.885584557634432,12.05353738331069,13.221488843633084,-14.109606775514617
782,3.0433803828066166,-23.848477649047037,-35.45573286540408,9.730508706800052
783,-4.018971086633079,7.759625084395875,-35.1923170021057,14.099594498135954
784,7.633986260008949,-6.844690107777783,17.172657162872753,9.74884857005723
785,0.40170851767566956,-28.354201531315557,41.516189131199354,-2.079929944129538
786,2.0340759817665317,-1.9881480140036043,31.853159051100654,-3.066924522372406
787,2.8878983664865467,-4.489475986208399,3.4687983032758734,-33.63408273840829
788,10.901341338228283,-11.945188094297722,-35.47395404643535,7.710694647124503
789,2.0375669703824437,-6.935753754059961,2.3466642259822716,-10.101495069828825
790,-4.0429682918265515,11.029253979040025,-1.5172633755205833,-17.494694051126036
791,9.596410306996917,2.3268693904503834,13.215773202287538,-9.82033882213721
792,-2.3926745801210787,-5.1481274132383845,29.194410706861717,58.568204435146605
793,-28.40323125540032,-11.420121203992524,-16.23289649578468,43.308503975103804
794,-16.387693896481334,19.812884736444374,13.582782590330128,-28.22564351019776
795,-6.69552709086416,24.927504305982485,-4.626956489700609,53.83740784447101
796,-9.304501549126563,-5.4084016763776415,-28.591015893524556,21.290445719101104
797,5.701850554734821,-10.543361306141081,-37.4989411474095,3.609752930965425
798,-6.163218325833452,-7.38404276607436,0.15698166507748823,58.16602497171097
799,18.20829572564985,-4.584288612006283,22.69306241445365,-15.864473398848828
800,19.207356314043228,10.68071167530685,20.719005920492876,-10.997937661270543
801,0.20278217500111756,-9.710296925094472,3.5349944711850068,-15.152382199526755
802,-21.471508924446017,-22.171560975866573,-8.602117312353304,51.36413308281984
803,14.200253449265794,-6.9045074178044565,14.790562527252307,5.79973522457824
804,-0.7313569049574715,-3.161417385714479,-1.152613705318073,17.01712589271921
805,-11.66464384717986,-25.48465626427235,31.93766518863005,-10.8141708548857
806,3.93814877800206,-20.87802464163447,8.399676316671341,-4.607463305663237
807,2.442391501782688,-0.868566001838257,4.419138318544741,18.812282902464176
808,1.1296838776265021,7.251068405345958,-12.06824302514281,37.671375422712245
809,-0.3586917987772607,-17.156667384029582,-27.075406397565374,25.491424610715665
810,-14.177168940178774,20.479775730300265,-13.523327831750503,42.27821269308006
811,22.597762875519738,4.359462024891254,7.957028250809893,-33.38182017820244
812,-6.850282299788778,14.839944858959754,28.208250712644713,-10.105911794225005
813,3.567857676173001,-16.3703189074142,6.133092933595185,-29.578822907648817
814,-16.48007464426357,7.767066462803971,-26.393648291894507,19.204384694446997
815,15.368161991974016,3.971434198094901,-3.137132498071521,-28.679470246930602
816,7.562474376064096,-11.923810221757009,1.197777781596109,50.126888977977465
817,-9.110308076803083,-10.363671002346617,9.385356088739405,-7.722358002626424
818,5.218382739807816,2.692430983762449,12.170163013831159,-7.56123208798438
819,-2.228530197885479,-6.760298630788576,-26.458987789011026,-9.541652003903092
820,-8.388504863325505,-16.84795199759987,22.001119590545095,-18.039955136665103
821,-4.294857228390682,-1.539284073855148,11.954552774792925,-10.759625362210262
822,-2.9870030609166625,-6.3268784325860095,-2.4472907665408723,-15.890649173295614
823,-1.7672172382892324,-19.268504664501407,30.216154935177208,-11.92935165028635
824,1.7467694934581948,1.5983288802479478,18.23279142325036,-20.510924016535036
825,-3.884436926136426,-3.6782907677545182,-1.5335781037699636,26.941349441317055
826,19.83484455435116,-23.78516564532954,-1.4100058339979924,46.47253606563095
827,1.1819548749675546,12.152400322677277,-22.083454936764028,12.645417002568966
828,-24.9526621984732,15.93006159762663,-35.28723996291573,8.70334901492096
829,10.864003265325128,4.698697754007764,-8.754843741036366,35.41111775239865
830,-1.0168635619869688,-7.765049407019513,21.946927152891924,-5.785799454523722
831,21.297470607661715,-1.0677467125229576,27.151829122224996,-10.723967137642415
832,18.123823796493507,-4.325482836024133,32.53382488577723,-4.536637515694733
833,-2.0996888602869435,14.263841897361406,27.255687175630804,2.882625321159357
834,-2.1141926130743363,9.573109151886118,8.11643542173588,-22.01611838986336
835,-28.546670540432448,7.401068731826607,-34.26859474261054,21.125568436784636
836,-10.218418796434204,-2.924284565628172,14.438654766311815,52.76726915865421
837,8.922555071387855,-0.02674410102571656,-12.243152670401974,7.460783194061624
838,-13.564307531798015,-6.628153023298216,23.575484042106048,-2.615199272252453
839,-13.63414075974331,-0.88997291673898,-10.998158105990179,38.400998421813874
840,-0.886827565549221,3.970612410839788,-1.4114568914014693,-4.157829666072483
841,-10.474644187250744,20.97670975939204,-1.7803255975643122,-35.34261741271225
842,-0.4877936715532157,-11.490054213847515,-6.128218363206086,29.20239680473872
843,-9.230644671399673,3.9273061900487782,12.949948856424799,-9.135078608976709
844,-0.6969121815181607,-6.366521315787125,16.4702094222975,-19.554750639448105
845,6.940927585062432,6.308268160272899,-3.278048055791496,-12.532566925520282
846,1.1019089898339507,0.010462017719625294,17.513960838184822,16.175935771683115
847,1.959360456525041,5.559983379802354,12.316251125794553,-13.698593613439412
848,11.396124017572344,7.005934307021885,20.064338386810206,-8.421826610763418
849,6.308881512057025,2.583462478357104,16.998673996697377,-15.021782354997967
850,4.664577301400734,1.3902385220874685,1.988047878010713,-14.855035950825405
851,15.887890952101037,-26.75146209910074,-7.71318839653553,43.58773148791237
852,25.87821821589192,3.8527396594410632,-15.884232374927402,34.49991237959987
853,1.998360897038892,-5.347147737247582,-1.7012734890321486,-9.634834672407084
854,-33.03693994613829,-12.025905550216194,-34.37769848161962,22.03885016046352
855,17.680774127044113,1.0013459869468422,9.86640615651667,-19.475533162518857
856,10.188632844646026,-2.4151608447625463,39.515679039781105,2.3170162399063203
857,-24.751144842211463,23.310312501173406,-34.48757987305902,8.068137044862116
858,-18.690532986403678,-11.272008097042061,-20.198831597973815,18.233723565009274
859,8.447037117298642,-10.9141159730158,-38.251554326287646,2.6566805749163516
860,-3.755344107176314,11.010143108470405,9.200071939655434,-34.5315972519985
861,24.162476780857244,6.441068704598429,11.595313517165623,-25.9983519573676
862,-16.396551864307206,-9.487172390907963,-36.961093528157406,18.695091253535193
863,-5.773548926364067,-14.910624831635314,-15.998370813714251,19.974253472119276
864,-5.756108310193546,7.778713288955428,-5.54340141104823,42.44055133199574
865,35.55711286145374,-3.0572219900118096,-43.127524068590176,14.485585559332517
866,-4.400272640240032,2.5224638018112167,10.199550241771991,-0.25109720362608745
867,-21.65501396997915,14.415187607783249,-51.94667266330113,2.9591733313773094
868,14.452424547681826,-22.129280858248116,-11.772100355051275,39.62274257443723
869,-1.2129787114574517,9.373402400751697,3.621503310873962,-13.887130077441086
870,20.44584182944962,-8.897211708065676,0.8555820018834677,-42.46431275887555
871,-10.79359084881591,-7.066501640301496,-13.3488862608892,25.19004255183715
872,-12.431144289889303,4.0528370359736146,-0.6196632639148252,45.963240103912064
873,-17.25858628485504,-6.409578066405842,14.434286034895374,-20.857142159487907
874,-7.301083925220584,-3.5674622315610236,35.88457313069469,-0.5603443469083651
875,-32.84185984689048,-19.79701297510912,-17.598469411803045,41.97701812828808
876,-10.242051104385922,-1.8885733585430398,13.204965559675673,-10.951589032418955
877,-5.521793998823765,-1.7777506047716862,22.054429282335505,-7.290487501205248
878,12.196431280204482,5.978844325338775,21.244245105779434,-6.816661957818609
879,6.386491151648351,4.19208570883837,7.1259676255545905,-15.334423532406639
880,-1.3354343742735386,-12.211648842975938,13.339488034867339,-17.728961678642857
881,18.838713765558015,-12.036671580677863,0.10306069227458359,-40.68281711232806
882,11.652171606908844,3.5006697513056757,-4.436180586967476,-30.96449064784365
883,17.69294616189401,2.0252250526058475,0.8005819707998736,47.32142342935681
884,-26.121818919911608,-8.975832075717264,-38.01254133558297,13.664994256272166
885,-6.394398131835453,8.529037752046898,-4.611613533046464,-2.727484695536581
886,-13.865712860471039,2.4244124903852438,18.2240122968606,-7.584450281517227
887,-9.366385282384758,16.94335521294658,2.96313684143818,-29.188839945979563
888,0.7333672745993036,5.688475018706075,-3.223003600060606,-10.409849863184613
889,-1.5604697961879408,6.358430979675756,17.503323878907246,13.822512928073483
890,7.298643458854817,6.5483150248055395,7.197695175573285,3.581376225708534
891,-8.43409392449796,10.106485547342107,-6.6216409834952135,8.867662685156118
892,-3.447338955917602,-3.4100751911826848,8.95846607448325,-12.586494216415774
893,6.741258642240555,-4.720350521226063,37.910230124282066,2.987294330937446
894,0.6699238118734536,-2.3508477012134446,14.140545514406965,-15.648749581998048
895,-9.35697443987271,10.452087981473934,-5.8607188755576995,17.60017110707399
896,-5.954885523109691,-11.104399393651573,13.68663403540346,-6.9289769093462175
897,-12.652012267445334,-5.413708059625305,22.903472994739346,-13.839095366335892
898,-17.400060486324332,-19.041491572245217,-16.748954751646743,18.871720045529262
899,0.3594963421303676,5.019616107602079,8.727169582210957,-2.1453636228565154
900,4.945606265329531,-16.750643239995203,7.805690121350224,-11.167446100360062
901,9.332334894109211,-11.71146717167211,13.216253395018418,-9.827694008784796
902,0.2712508383975267,-34.12942513760932,-2.590729852632867,50.515335602989246
903,5.738467544181906,-7.997944211369768,-0.22607245745538584,-20.256728682081487
904,1.0977559069619982,-10.083004123983507,14.184044289332926,-26.046453367227812
905,9.920229947606629,0.7491464901668365,-23.87954564462556,23.54046073547446
906,-8.173514422858695,-5.0871299118975415,7.0214579316042,-8.10769045174542
907,-14.091297955553696,7.901270098754939,16.5035617627002,-23.299910044551755
908,17.646796917023934,24.509696529281097,-17.22861998152915,22.045442759467612
909,-28.152222938209682,-13.436347391110006,-17.977832498260362,42.335176648354995
910,0.3042294389726487,16.215475865584285,23.312528971509714,-1.1362325831351143
911,-3.3609210975407615,9.172106954335483,8.794522683289143,-6.179611574408955
912,7.58523720189032,-11.611370208803088,4.287049067277335,-3.0633627905544456
913,4.610255423649886,-20.112479898276852,-2.341998864426179,29.497264099988037
914,-12.145399070891868,13.614569433987295,10.39722189443602,-20.735710869518613
915,-27.58176276024459,-3.0868771255480123,-27.150894162505573,10.440393469706859
916,-12.900365991965483,0.3831024104136098,-20.11981371774261,10.67018186586223
917,3.287138349548898,15.20808529123821,16.300041871235642,-8.03833079684922
918,-2.7366256907342494,-4.223768006059178,5.341753062107886,39.04917296177883
919,18.426886107193436,-11.57739056374248,24.587250066722845,-18.267513067984897
920,-3.2317313405306534,16.039232145838792,-17.740080929764872,34.09803272634106
921,-8.953203341167432,6.596296241732112,4.906650809507591,-10.008821562693011
922,29.554248504511445,-34.60373623311546,-11.038216810704728,26.24652307409188
923,17.80994026064665,18.719840792462563,-19.047506747908663,18.823066384011724
924,-1.6581694703098497,7.913677589630053,5.534542266353641,-9.003014572747102
925,-0.4174257363228256,11.205428170642108,6.981321673898382,-28.06208440186425
926,2.3162295652307074,-1.3106168411318615,6.344664002174293,5.56262389773443
927,-6.154026998103625,1.2133505183233382,14.609821934501545,69.69399128176819
928,-36.35614653048089,20.28684162676516,-27.84428704636708,33.6594102662494
929,16.280751043332433,9.10194909281373,-44.717573713579334,7.3638861252034955
930,12.034061111427475,13.870348662780419,-54.707752219029956,0.9499709494921358
931,-15.309381609880822,14.9591957080834,7.566516523194201,-34.474873300498615
932,11.342965483956627,9.119556160475142,-46.17651039226567,6.139612759565911
933,-4.637902949780693,13.460497044996576,11.868895677842483,17.393258649460705
934,17.112919689845217,1.5753615680337525,-0.627962889110826,38.55962981999181
935,13.212163356919637,1.2881129596663952,-3.1993177345467636,-34.55420884009853
936,2.1664645184044113,0.2864401302456123,2.230840131087257,-7.3943177898996835
937,-10.622777576779423,4.510891624903291,-5.893223040716984,44.521142527014085
938,-1.5865672759483322,-0.19633035704013224,2.1417976145863538,-1.0035702479502746
939,2.237067072610871,4.4055854146293,4.599583582266112,-34.2981423374929
940,13.755498878332045,3.707594724606672,-4.875774658479694,24.00736133857944
941,-6.022412013879227,18.97896078376208,-3.805866463816262,-35.0415614108356
942,8.57200538855343,6.40550296252381,5.7644742866250755,-10.173986685077535
943,21.444022695857687,-6.688313752527968,19.656186208340436,-18.823374654214458
944,16.967458397785744,-0.28973162877604963,-52.951332216906806,4.986329376213857
945,19.84454449389346,0.09377680123828203,25.85607515622349,-10.651312291093669
946,-1.2458940003403347,-3.5662122786302533,12.639445159535123,-31.099775050719742
947,-2.2348655183084505,15.051450170279288,-12.01643792150036,38.613758561784174
948,7.2836661410273935,7.628856579766573,-42.7241204631315,2.509514518089511
949,1.7811910697837599,0.7406614407229455,11.469348302692973,-12.167399597475539
950,-6.312723022799388,5.480580174628873,-3.7043284564572385,25.96848464249011
951,-0.44712528385817324,-3.8690146078031447,-0.7843750955922655,19.759027306004903
952,-3.741333033308776,-7.319940335411227,17.01850770718295,-15.188077652053495
953,8.526510747705798,-7.124352744528993,5.073967070348745,26.405059490345828
954,-4.491515770423994,0.7025461208130039,-7.027685760261059,29.91518387109613
955,0.19283103198423118,8.604408643354045,-8.58284348538219,-4.774981203696664
956,16.635893016167493,-2.331851143278495,-32.27355603532221,12.80908671135194
957,-7.804673265169618,11.832433132244613,5.277244781046464,-12.353568572885905
958,29.949077377291847,7.009114067239418,-27.704770400723433,28.73346827121163
959,0.8898344112323935,11.173552868726656,7.263261703496694,-12.862596501273575
960,11.963962798512991,-22.903448388118406,-1.1353014388610223,51.706909092190365
961,-11.724282622962555,7.430961627918698,-23.47621615954862,6.951316575173924
962,7.317818540781373,2.7588051529787467,-39.07787280048501,5.764329008634188
963,-19.301469388941825,-22.303007626425607,-22.296410966428112,36.66770808605641
964,9.985773374113126,5.585789356093782,2.8757343211939332,-21.595671287813214
965,-5.064473684201274,11.972794780555159,4.418469973385262,-10.735728874824343
966,-2.2418251088312564,-11.274274617357598,-18.671517318934747,15.287368084170474
967,5.311875584469953,8.072006223533862,20.528320074961478,-10.71487889052976
968,-32.669281887493526,13.63466029337404,-37.020365561567445,24.36810385375232
969,2.628335815402317,-25.684993701375653,-11.283466298437974,22.652271715999802
970,20.35331687008237,1.4447997892052493,17.786242348146246,-11.461541391676759
971,13.08575589853908,1.9806873410404435,22.552074028133198,-16.23030756872194
972,12.86372466433043,7.251356840104322,27.083685000042657,-7.324836714797606
973,9.68134175394498,-18.053955857404603,4.266456060540163,-12.239180788981006
974,37.89418538459563,0.5410214632491979,-36.81610273267462,20.65199663148037
975,-6.65614758908875,9.594807099909474,0.38687997771221916,-33.87731249982528
976,21.949946166753765,38.24092153202629,-9.784165491996436,27.623949266811902
977,-23.924543647437236,-4.237907989862226,-16.68262386914148,39.666459363300575
978,-3.89129288810802,-0.35188539643636574,6.092920376988404,-2.522416036857922
979,-1.3360918984649315,-5.952164791409707,4.464005181279701,1.4071687910025268
980,-10.51257848031931,17.659337492371677,23.739803224681538,-8.876301947965612
981,6.82521415674199,3.963519191099831,-6.849176598466775,28.27740101521752
982,25.750786366085197,16.680778811748088,-10.527889624041457,44.06346528853562
983,9.788904647610565,-4.025273093487513,-9.413819169420497,16.275752249086057
984,-9.604311820780003,6.3048393710596,0.7943570586278845,-36.43485970316875
985,12.717193925522878,19.827495693690935,-14.998170326467447,17.90600275434359
986,18.57268881037757,6.358008019806391,15.868971145780046,-24.19115929247013
987,10.925935349708347,-10.553877227791265,-13.408384537850777,28.574598653019912
988,1.7994888031502834,-6.416095687555401,17.97823630800643,-11.140185700620947
989,-9.088879429936144,0.9044463251150177,19.858475352065057,-16.228667995266296
990,2.55999979529743,20.553183128555183,-47.02761406213553,-9.849441515502614
991,-32.16317360287826,20.896439339337405,-38.07596464789704,19.92416046135841
992,28.247729768459322,-5.939413877644146,-41.42888010802544,16.461744104273734
993,-19.85461523442631,1.3164424638686683,-12.480601454265289,21.22152458284615
994,2.3197079483387926,-3.0488886466085408,-15.665146748903252,31.34703637704968
995,-17.49009522104576,-4.707708725151523,-19.404761885852196,19.382378539633148
996,-7.667967605000103,0.05535422232499343,22.927528923088907,-4.94769185924229
997,-26.400773011570404,-2.283195545912749,-29.027841915275665,12.33188306185156
998,-7.551058341337426,10.89856004334213,21.53851321677662,-6.7294958409673304
999,8.400975580473391,30.479665631515967,-39.175656089314025,5.665149485906363
1000,0.14296047375189586,3.958661393175479,3.3457458177049233,-7.181307765537091
